domain,count,tld,domain_type
cujasweb.univ-paris1.fr,5,fr,其他
licitacoeseb.9rm.eb.mil.br,4,br,其他
luna.library.cmu.edu,4,edu,教育
siganus.php.xdomain.jp,4,jp,其他
www.imagemagick.org,4,org,组织
ftp.mozilla.org,3,org,组织
scop.berkeley.edu,3,edu,教育
collections.artmuseum.utoronto.ca:8080,3,ca:8080,其他
m.annuaire-comite-entreprise.com,3,com,商业
licitacoeseb.1rm.eb.mil.br,3,br,其他
business.kanerepublican.com,3,com,商业
ftp.cpan.org,3,org,组织
lampworketc.com,3,com,商业
newsautohouse.ru,3,ru,其他
mouvement1democratie.free.fr,3,fr,其他
vocab.nerc.ac.uk,3,uk,其他
forum.artofwar.net.ru,3,ru,网络
thirtysomethingblog.com,3,com,商业
tiszataj.bibl.u-szeged.hu,3,hu,其他
vare-cam.aalto.fi,3,fi,其他
www.161639.com,3,com,商业
www.animemorial.net,3,net,网络
www.gzswzxfw.com,3,com,商业
www.kitchellprogress.com,3,com,商业
www.mesonet.agron.iastate.edu,3,edu,教育
bazaarcanada.com,2,com,商业
rcninteractivo.com,2,com,商业
bbs.snzg.cn,2,cn,其他
rdzdgs.com,2,com,商业
www.swsm.net,2,net,网络
cnshandong.cn,2,cn,其他
amp.chvclub.tw,2,tw,其他
m.tyc7633.com,2,com,商业
isleenwed.pixnet.net,2,net,网络
francoiscobos.free.fr,2,fr,其他
dealer.auto.sohu.com,2,com,商业
kpdapp18.com,2,com,商业
qiaoxizhaopin.com,2,com,商业
ghf.jasonaxelson.com,2,com,商业
repository.iainpalopo.ac.id,2,id,其他
compraralpormayor.com,2,com,商业
antipodesled.co.nz,2,nz,其他
rvcarpark.com,2,com,商业
french.peopledaily.com.cn,2,cn,商业
poj.org,2,org,组织
idata.fundata.com,2,com,商业
apnknurow.pl,2,pl,其他
m.333cn.com,2,com,商业
consultas.cuba.cu,2,cu,其他
miya1779.com,2,com,商业
fta.mofcom.gov.cn,2,cn,政府
bh1.fpc.pt,2,pt,其他
biblio.unvm.edu.ar,2,ar,教育
fiztanar.elte.hu,2,hu,其他
fjjyjj.com,2,com,商业
520844www.com,2,com,商业
2021.alekino.com,2,com,商业
ftp.pl.debian.org,2,org,组织
kantutanporn.com,2,com,商业
lieben2.de,2,de,其他
casjobs.sdss.org,2,org,组织
pugandpussycat.co.uk,2,uk,其他
healthlibrary.touro.com,2,com,商业
cran.auckland.ac.nz,2,nz,其他
86.79.211.130.bc.googleusercontent.com,2,com,商业
prk-print.com.ua,2,ua,商业
glossary.hymao.org,2,org,组织
escuchatucuento.com,2,com,商业
cdn.cafimg.com,2,com,商业
mkwc.ifa.hawaii.edu,2,edu,教育
a-ceramic.kr,2,kr,其他
myst-aventure.com,2,com,商业
imelda.coutrier.com,2,com,商业
kath-rottal.homeunix.org,2,org,组织
la-redo.net,2,net,网络
asiangames.zimaa.com,2,com,商业
miamibeach411.com,2,com,商业
abkhaznews.ru,2,ru,其他
chalochatu.org,2,org,组织
forum.csn-deutschland.de,2,de,其他
mayquality.com,2,com,商业
ozvcenter.rzb.ir,2,ir,其他
atelierkyoto.minibird.jp,2,jp,其他
p.bogus.jp,2,jp,其他
cuuvanhanoi.com,2,com,商业
innerrecess.com,2,com,商业
blog.theholidaycottages.co.uk,2,uk,其他
scoringcentral.mattiaswestlund.net,2,net,网络
musclearchive.com,2,com,商业
gallery2.jpmullan.com,2,com,商业
automata.com.au,2,au,商业
language.gramoflor.de,2,de,其他
jp.xinhuanet.com,2,com,商业
novedades.euroresidentes.com,2,com,商业
hiura39.wp.xdomain.jp,2,jp,其他
fanmail.biz,2,biz,其他
database.mysmartlogon.com,2,com,商业
research.ku.ac.th,2,th,其他
farmasinusantara.42web.io,2,io,其他
logotiger3destek.com,2,com,商业
popsa.su,2,su,其他
forum.scampatrol.org,2,org,组织
replicawatchmark.com,2,com,商业
editors.cis-india.org,2,org,组织
edu.cfsc.com.cn,2,cn,教育
servicios.infoleg.gob.ar,2,ar,其他
shamimemarefat.ir,2,ir,其他
shop.greatlakesfarms.ca,2,ca,其他
delivery-city.com,2,com,商业
simplyrooms.co.id,2,id,其他
six168.com,2,com,商业
spacearts.info,2,info,其他
sport-school1.ru,2,ru,其他
srr.vologda.ru,2,ru,其他
szojaextruder.hu,2,hu,其他
tccl.libnet.info,2,info,网络
thefontanastudios.com,2,com,商业
marcalpozzo.blogspirit.com,2,com,商业
backrooms-wiki.wikidot.com,2,com,商业
toolbox.megamart2-ecsel.eu,2,eu,其他
toptube.16mb.com,2,com,商业
tv-jjj.com,2,com,商业
tw.1688.com,2,com,商业
ukuzy0.com,2,com,商业
validate.perfdrive.com,2,com,商业
clh-ckan.apps.fao.org,2,org,组织
velo.perm.ru,2,ru,其他
musical.f-n.me,2,me,其他
wackyworldsof.com,2,com,商业
m.pandappt.com,2,com,商业
www.173hp.com,2,com,商业
www.246js.com,2,com,商业
www.39fengliao.com,2,com,商业
www.46d7.com,2,com,商业
www.5ujf.cn,2,cn,其他
www.agency-scams.com,2,com,商业
www.akanaroom.com,2,com,商业
bratsk.pansionat-golden.ru,2,ru,其他
www.attacandalucia.org,2,org,组织
www.azawakh-sloughi.cz,2,cz,其他
www.barangunikchina.com,2,com,商业
www.bjnpyy.com,2,com,商业
www.brightfutures.dcf.state.vt.us,2,us,其他
www.bzcye.com,2,com,商业
www.cadenza.org,2,org,组织
www.caijc.com,2,com,商业
www.checkcompany.co.uk,2,uk,商业
www.cherrycreekeducation.com,2,com,教育
www.cmxholdings.com,2,com,商业
www.cn-tt.com,2,com,商业
www.coaster-net.com,2,com,商业
www.cobaltjade.com,2,com,商业
www.consultorenseo.com,2,com,商业
www.country-data.com,2,com,商业
www.donwiss.com,2,com,商业
www.dthlxx.com,2,com,商业
www.dzkpkt.com,2,com,商业
www.ellokal.ch,2,ch,其他
www.eye-ekt.gr,2,gr,其他
www.fosspatents.com,2,com,商业
www.gatto999.it,2,it,其他
www.gaurakathalatino.com,2,com,商业
www.gmesd.com,2,com,商业
www.grggrc168.com,2,com,商业
www.gwtapps.com,2,com,商业
forum.voetbalzone.nl,2,nl,其他
www.helenos.org,2,org,组织
www.hhh.gov.cn,2,cn,政府
www.hiphopmusic.com,2,com,商业
www.iha.fr,2,fr,其他
cloud.originlab.com,2,com,商业
www.intjmorphol.com,2,com,商业
www.istria-bike.com,2,com,商业
www.justogroup.ru,2,ru,其他
www.kaleekids.com,2,com,商业
www.keyingmenshop.com,2,com,商业
www.khoni.gov.ge,2,ge,政府
gdhailing.cn,2,cn,其他
www.knap.at,2,at,其他
www.loucamino.com,2,com,商业
www.lovetime.ru,2,ru,其他
www.lqtwxcj.com,2,com,商业
bulianghd.xyz,2,xyz,其他
www.mumutuan.com,2,com,商业
www.my666.com.cn,2,cn,商业
www.myconsumercourt.com,2,com,商业
www.naujavan.com,2,com,商业
www.objetivocupcake.com,2,com,商业
www.pargolovospb.ru,2,ru,其他
www.phos-arts.de,2,de,其他
www.picobello-pizza-leipzig.de,2,de,其他
www.pingfarm.com,2,com,商业
www.pplcom.com,2,com,商业
www.prace-justice.cz,2,cz,其他
www.puzzleando.com,2,com,商业
www.qingshanjuebi.com,2,com,商业
www.rpmfind.net,2,net,网络
www.rumahkayuku.com,2,com,商业
www.schweinegrippe-beratung.de,2,de,其他
www.scttshop.com,2,com,商业
www.sjfmen.com,2,com,商业
www.sz5187.com,2,com,商业
www.tacticalcloudllc.com,2,com,商业
10kh.show,2,show,其他
123495479.indirettamente.it,2,it,其他
algaescrubber.net,1,net,网络
alisastom.spb.ru,1,ru,其他
alisonbriegallery.blogspot.com,1,com,商业
alkhansatraditionaljewelry.com,1,com,商业
almagor.blogspot.com,1,com,商业
almorakib.com,1,com,商业
alpenlodge.ch,1,ch,其他
alphago.de,1,de,其他
alphaos.tuxfamily.org,1,org,组织
alphiprints.com,1,com,商业
alsdxbsm.com,1,com,商业
alte-buecherwelt.de,1,de,其他
altermobil.ch,1,ch,其他
alttp.mymm1.com,1,com,商业
amagurifx.com,1,com,商业
amasyanakliyatci.com,1,com,商业
amazoniareal.com.br,1,br,商业
amesa.es,1,es,其他
aminsch.ir,1,ir,其他
amuseusevents.com,1,com,商业
anfdeutsch.com,1,com,商业
angkasanuri.blogspot.com,1,com,商业
anillamiento.ebd.csic.es,1,es,其他
anjimtprt.com,1,com,商业
ankatoplukonut.com,1,com,商业
ann365.com,1,com,商业
anomaly.pp.ua,1,ua,其他
anticoedition.co.uk,1,uk,其他
anutel.it,1,it,其他
ao-lightsp.ru,1,ru,其他
aparusa.pp.ru,1,ru,其他
apesfromnine.com,1,com,商业
apothesis.teicm.gr,1,gr,其他
appendx.org,1,org,组织
appleogue.blogspot.com,1,com,商业
apps.comune.brisighella.ra.it,1,it,商业
appte.cn,1,cn,其他
ar.mclsportsfactory.com,1,com,商业
arabic.news.cn,1,cn,其他
arabic.people.com.cn,1,cn,商业
archeryenm734.timeforchangecounselling.com,1,com,商业
architecture.riseba.lv,1,lv,其他
archiv.fidesz.hu,1,hu,其他
archive.domesticsluttery.com,1,com,商业
archive.wn.com,1,com,商业
archive.xtuple.com,1,com,商业
archive2018-2020.dnronline.su,1,su,其他
archives.thessradio.net,1,net,网络
archivo.riojavirtual.com.ar,1,ar,商业
archiwum.radiopodlasie.pl,1,pl,其他
arimidexbest.us.com,1,com,商业
arlingtonappliancerepair.net,1,net,网络
arquivo.consellodacultura.gal,1,gal,其他
artbooks.ru,1,ru,其他
artikel-media.blogspot.com,1,com,商业
artisticflowerarrangements.com,1,com,商业
artsm-54.ru,1,ru,其他
asahi.5ch.net,1,net,网络
ascro.pro,1,pro,其他
ashajewelry.com.au,1,au,商业
ashlandtfc.org,1,org,组织
asian8888.com,1,com,商业
asiti.de,1,de,其他
asmusthomsen.dk,1,dk,其他
asn.in.ua,1,ua,其他
asobicast.heteml.net,1,net,网络
aspebohl.dlsnetwork.se,1,se,网络
asrekala.com,1,com,商业
asuudal.mn,1,mn,其他
atelier-togashi.jp,1,jp,其他
atheavaconsulting.com,1,com,商业
atlaskvartir.ua,1,ua,其他
atntimes.com,1,com,商业
atomisoft.be.web233.hostingdiscounter.nl,1,nl,其他
atreodkolon.ir,1,ir,其他
auction.spb.ru,1,ru,其他
aureasidera.cz,1,cz,其他
autismtt.org,1,org,组织
autoutro.ru,1,ru,其他
avolab.eu.org,1,org,组织
avon-podolsk.ru,1,ru,其他
avse5566.com,1,com,商业
avtoritet-shop.com,1,com,商业
awards.seesaa.net,1,net,网络
axiom-developer.org,1,org,组织
aya260.ca,1,ca,其他
ayakotakato.seesaa.net,1,net,网络
aytonavaluenga.es,1,es,其他
azsportsmedicine.com,1,com,商业
b.mtbb.de,1,de,其他
babelhouse.ee,1,ee,其他
babsbest.com,1,com,商业
babyhelp.kiev.ua,1,ua,其他
bach.calvin.edu,1,edu,教育
backline.gr,1,gr,其他
backpan.metacpan.org,1,org,组织
bacorecords.fr,1,fr,其他
badwoman.kill.jp,1,jp,其他
bahnbilder.net,1,net,网络
baimeitujc.com,1,com,商业
bakovci.net,1,net,网络
banket-omsk.su,1,su,其他
batambisnis.com,1,com,商业
battlebrothersgame.com,1,com,商业
bayraktarmakina.com,1,com,商业
bbb.mammut-startupfestival.de,1,de,其他
bbty901.com,1,com,商业
bbwtube24.com,1,com,商业
bc.gbpizs.gov.pl,1,pl,政府
beachedbabiesswimwear.com,1,com,商业
beads-beads.net,1,net,网络
bee957.com,1,com,商业
beijingboyce.com,1,com,商业
belgianartprize.be,1,be,其他
bellelymp.jp,1,jp,其他
beltscollection.ru,1,ru,其他
bergfahrer.eu,1,eu,其他
bestbiosystems.cn,1,cn,其他
bestclub.ru.net,1,net,网络
bestink.ru,1,ru,其他
beta.icke-in-buch.de,1,de,其他
betflix-bet3.com,1,com,商业
bethgroundwater.blogspot.com,1,com,商业
betyouanything.co.uk,1,uk,其他
bevel-gear.xyz,1,xyz,其他
beyel.com,1,com,商业
bezpieczneprzedszkolaki24hat123.eu,1,eu,其他
biblioteca.cehum.org,1,org,组织
biblioteka.awl.edu.pl,1,pl,教育
bienetretherapie.com,1,com,商业
bigg.ucsd.edu,1,edu,教育
bildarchiv-monheim.de:8080,1,de:8080,其他
bingyangkeji.cn,1,cn,其他
binsearch.net,1,net,网络
bio-mas.pl,1,pl,其他
bioimagingcore.be,1,be,其他
bip.archiwum.swietajno.ug.gov.pl,1,pl,政府
biuroams.pl,1,pl,其他
biz.ometal.com,1,com,商业
bjczy.cn,1,cn,其他
bjhyzbsm.com,1,com,商业
bjykhbkj.com,1,com,商业
black.serv00.net,1,net,网络
blackcoffeen.com,1,com,商业
blackshamo.com,1,com,商业
blog-esnet.club,1,club,网络
blog-parts.wmag.net,1,net,网络
blog-pt-suflet.blogspot.com,1,com,商业
blog-sourcenew.123g.info,1,info,其他
blog.aeru.com.br,1,br,商业
blog.alemdoolhar.com,1,com,商业
blog.antymark.com,1,com,商业
blog.ardentphotography.com,1,com,商业
blog.averyelle.com,1,com,商业
blog.bluezsolutions.com,1,com,商业
blog.collabowrite.net,1,net,网络
blog.gsmarena.com,1,com,商业
blog.janosakura.org,1,org,组织
blog.kikuchisan.net,1,net,网络
blog.m2pay.id,1,id,其他
blog.mkib.com,1,com,商业
blog.spotd.net,1,net,网络
blog.vitummedicinus.com,1,com,商业
blogdamarcela.com.br,1,br,商业
blogs.chosun.com,1,com,商业
blow-up-doll.blogspot.com,1,com,商业
blue.ourshadesofblue.org,1,org,组织
bluegrass.de,1,de,其他
bmbb.jp,1,jp,其他
bnr.nc.gov.cn,1,cn,政府
board.edscuola.it,1,it,其他
boast.kr,1,kr,其他
bogglebeats.co.uk,1,uk,其他
bola.arenabetting.com,1,com,商业
bonaqz.com,1,com,商业
bonneylassie.blogspot.com,1,com,商业
book.kuwoa.com,1,com,商业
booklikes.com,1,com,商业
books.rusf.ru,1,ru,其他
boomerangshop.com,1,com,商业
bordellonyc.com,1,com,商业
bossss.com.cn,1,cn,商业
bpositive.i3s.up.pt,1,pt,其他
brahmanbaria24.com,1,com,商业
brain-mobile.ru,1,ru,其他
brevarkivet.ny-carlsbergfondet.dk,1,dk,其他
broaden-hair.com,1,com,商业
brotzeit-china.com.cn,1,cn,商业
bugs.openpandora.org,1,org,组织
buri.epizy.com,1,com,商业
bursahafiza.com,1,com,商业
buscadorarchivohistorico.uc.cl,1,cl,其他
bushoreinc.com,1,com,商业
business.smdailypress.com,1,com,商业
business.starkvilledailynews.com,1,com,商业
buttermilkbasin.blogspot.com,1,com,商业
buybest.96.lt,1,lt,其他
bvpa.ru,1,ru,其他
bx14998.rdkd.ru,1,ru,其他
by9866.com,1,com,商业
bygghiss.nu,1,nu,其他
bymh67.com,1,com,商业
c2so.ens-lyon.fr,1,fr,其他
c7cc.vip,1,vip,其他
ca-dalmacija.cz,1,cz,其他
calendar.duke.edu,1,edu,教育
calmcode-datasette.fly.dev,1,dev,其他
calstate.fullerton.edu,1,edu,教育
camille7531.pixnet.net,1,net,网络
cantaloorail.free.fr,1,fr,其他
cao622.com,1,com,商业
capritc.com,1,com,商业
caproflor.com,1,com,商业
carballodixital.blogspot.com,1,com,商业
cardan-coupling.com,1,com,商业
carlosorsi.blogspot.com,1,com,商业
carmili.xsrv.jp,1,jp,其他
carolinekitchener.com,1,com,商业
casatreschic.blogspot.com,1,com,商业
caykaraasm.com,1,com,商业
cccr.pressa.ru,1,ru,其他
ccrs.weather.gov.sg,1,sg,政府
ccspro.ccstw.nccu.edu.tw,1,tw,教育
cdchengqi.com,1,com,商业
cdhji.cn,1,cn,其他
cdn.azlogopros.com,1,com,商业
cdn.zhangxinxu.com,1,com,商业
cdwebwinkel.nl,1,nl,其他
cechy.cz,1,cz,其他
celebsextapeleaks.com,1,com,商业
centrumsilesia.pl,1,pl,其他
cezar-events.pl,1,pl,其他
cfamtpleasant.com,1,com,商业
cg-aisne.org,1,org,组织
changelogs.ubuntu.com,1,com,商业
chap.sch.ir,1,ir,其他
charlestonspeedway.myracepass.com,1,com,商业
charlise.fr,1,fr,其他
chasingmyjoy.com,1,com,商业
chefsfriends.nl,1,nl,其他
chem168.com.cn,1,cn,商业
chenzhou.shnwl.com,1,com,商业
cheolnong.jinbo.net,1,net,网络
chiaki-nakamoto.cocolog-nifty.com,1,com,商业
chiekostyle.seesaa.net,1,net,网络
chil.me,1,me,其他
chinadolls.org.cn,1,cn,组织
chitose-kuzuha.com,1,com,商业
choice.jpn.org,1,org,组织
choiceapp.co,1,co,其他
chongqing.fcwhkj.cn,1,cn,其他
chotlo365.com,1,com,商业
chrestonim.de,1,de,其他
chrissyscardland.blogspot.com,1,com,商业
christas-ferienhaus.de,1,de,其他
christtheholyservant.com,1,com,商业
chungmy.com,1,com,商业
chuxin.czjtu.edu.cn,1,cn,教育
ciarahorne.com,1,com,商业
cinemaster.ch,1,ch,其他
civilizace.net,1,net,网络
classic.austlii.edu.au,1,au,教育
classic.wildestdreamswissies.com,1,com,商业
cleyet.org,1,org,组织
clients1.google.co.id,1,id,其他
climate.lunarsong.org,1,org,组织
cloud.qqzao.com,1,com,商业
cloudugyvitel.hu,1,hu,其他
clutchcityonline.com,1,com,商业
cm-constancia.pt,1,pt,其他
cnmjwz.com,1,com,商业
coach-amourdesoi.com,1,com,商业
coding.yonsei.ac.kr,1,kr,其他
coffeehouse.ocularityanalytics.com,1,com,商业
cogeneration.ru,1,ru,其他
collections2.swco.ttu.edu,1,edu,教育
collins.lternet.edu,1,edu,教育
columnasinnombre.com.mx,1,mx,商业
conectatealuniverso.com,1,com,商业
confederation-art.ru,1,ru,其他
connect-tcm.com,1,com,商业
conselhonacionaldepastor.com.br,1,br,商业
consol-m.ru,1,ru,其他
consorziocpe.bizmart2.it,1,it,其他
contentcuration.marketinghits.com,1,com,商业
controlmydoors.com,1,com,商业
copysoku.com,1,com,商业
corellianrun.com,1,com,商业
corfid.com,1,com,商业
cornishonomastics.net,1,net,网络
corpo-farfallato.it,1,it,其他
corporate-admin.ansa.it,1,it,其他
covidbooth.gtscien.com,1,com,商业
cpma-news.org,1,org,组织
cqhfjh.sgibbsdesign.com,1,com,商业
craigportwood.blogspot.com,1,com,商业
credit.cxbcredit.com,1,com,商业
cressyandcharmed.co.nz,1,nz,其他
cribbsim.com,1,com,商业
crimescience.ru,1,ru,其他
cryptorosechannel.com,1,com,商业
cso.su,1,su,其他
cswangzhan.cn,1,cn,其他
cuba.cu,1,cu,其他
cucinaeguaidiadriana.it,1,it,其他
cuevue.com,1,com,商业
cujas-num.univ-paris1.fr,1,fr,其他
cultural.sytes.net,1,net,网络
cum-on.com,1,com,商业
curation.masternewmedia.org,1,org,组织
cursos.elmformacion.es,1,es,其他
custodiapaterna.blogspot.com,1,com,商业
customsfromjamesville.blogspot.com,1,com,商业
cxb68.com,1,com,商业
d-day.blogspot.com,1,com,商业
d1ghtzyjrbl4t6.cloudfront.net,1,net,网络
d3nd7i493f0o21.cloudfront.net,1,net,网络
d7.56sys.com,1,com,商业
dagzhizn.ru,1,ru,其他
dahengguanggao.com,1,com,商业
dailystory.no,1,no,其他
das-voize.blogspot.com,1,com,商业
database-aryana-encyclopaedia.blogspot.com,1,com,商业
davidpawson.org,1,org,组织
day-news.ir,1,ir,其他
days.peoples.ru,1,ru,其他
db.worldbridge.org,1,org,组织
dbbaptist.dothome.co.kr,1,kr,其他
dbif.brc.ac.uk,1,uk,其他
ddbj.nig.ac.jp,1,jp,其他
de.entfernungberechnen.com,1,com,商业
defenceconsultations.org.uk,1,uk,组织
demand-led.com,1,com,商业
demo.gigagit.com,1,com,商业
demo.waplez1.com,1,com,商业
democracy.monmouthshire.gov.uk,1,uk,政府
denovar.ru,1,ru,其他
deportes.valmojado.com,1,com,商业
dergavin.ru,1,ru,其他
dermalight.com.tr,1,tr,商业
dersnap.com,1,com,商业
detectivitimisoara.com,1,com,商业
detektory.hantec.cz,1,cz,其他
detske.bazarky.cz,1,cz,其他
deutsch.realmexico.info,1,info,其他
developerneural.com,1,com,商业
dhfnbldwlkjyxgs.xwbygw.com,1,com,商业
diamondfactoryholland.nl,1,nl,其他
diarionoticiasmx.com,1,com,商业
dictionary.tamilcube.com,1,com,商业
digitalarchive.boun.edu.tr,1,tr,教育
digitaltransformation.co.kr,1,kr,其他
diktaioantro.blogspot.com,1,com,商业
dingdongbc.com,1,com,商业
diveforum.spb.ru,1,ru,其他
dj-territo.com,1,com,商业
dktemp.ru,1,ru,其他
dnaproject.co.za,1,za,其他
dobryanka.yaob.ru,1,ru,其他
dofm.ly,1,ly,其他
dog-da-wan.com,1,com,商业
dosamigoscantina.com,1,com,商业
download.tuxfamily.org,1,org,组织
downtown.utk.edu,1,edu,教育
dphospital-ottilien.org,1,org,组织
dr.lib.sjp.ac.lk,1,lk,其他
dr.rapid.si,1,si,其他
drahcor.com,1,com,商业
dream-decor.ru,1,ru,其他
dreamcoon.com,1,com,商业
drhov.com,1,com,商业
drpion.se,1,se,其他
dspace.umftgm.ro,1,ro,其他
du.diva-portal.org,1,org,组织
dvd-porno-argentino.com.ar,1,ar,商业
e-apteka.ru,1,ru,其他
e-kalamaria.gr,1,gr,其他
e-notlar.com,1,com,商业
e-princess.net,1,net,网络
e.llzbj.com,1,com,商业
eacademic.ju.edu.jo,1,jo,教育
eajltls.com,1,com,商业
earsiv.odu.edu.tr:8080,1,tr:8080,教育
earthhour.inkakinada.com,1,com,商业
eataly.co.uk,1,uk,其他
ebib.aubange.be,1,be,其他
ebsminds.com,1,com,商业
ec2-3-131-244-37.us-east-2.compute.amazonaws.com:9999,1,com:9999,商业
ec2-3-64-165-64.eu-central-1.compute.amazonaws.com,1,com,商业
ec2-35-163-71-21.us-west-2.compute.amazonaws.com,1,com,商业
echo-fabrique.ens-lyon.fr,1,fr,其他
eco.glossy.ru,1,ru,其他
ecoazimut.ro,1,ro,其他
ecolounge.hu,1,hu,其他
ecoteplin.ru,1,ru,其他
eddie.ro,1,ro,其他
edi-net.pl,1,pl,网络
edicionesma40.com,1,com,商业
edudrift.calicotab.com,1,com,教育
eduklc.com,1,com,教育
eesjojutla.com,1,com,商业
efibau.com,1,com,商业
egerapro.hu,1,hu,其他
ejsk.transfer23.ru,1,ru,其他
ekgood.com,1,com,商业
ekolagos.com,1,com,商业
ekonyvtar.vksz.hu,1,hu,其他
ekrd.com.ua,1,ua,商业
eladies.sina.com.cn,1,cn,商业
elea.unisa.it:8080,1,it:8080,其他
elhadara.info,1,info,其他
elib.osu.ru,1,ru,其他
eliisabet.ee,1,ee,其他
elllis.com,1,com,商业
elmico.es,1,es,其他
emisorasargentinasonline.com,1,com,商业
emploi.quotidiendutourisme.com,1,com,商业
en-us.hotelswissgarden.com,1,com,商业
en.asaninst.org,1,org,组织
en.cambridgebaby.com,1,com,商业
en.cn-wanda.com,1,com,商业
en.jxhqzs.com,1,com,商业
en.new.hfliyuan.com,1,com,商业
en.qdxuepeng.cn,1,cn,其他
en.winfoil66.com,1,com,商业
en.zg-wz.com,1,com,商业
endialogo.atime.es,1,es,其他
eprints.batchelor.edu.au,1,au,教育
eprints.grf.unizg.hr,1,hr,其他
eprints.lse.ac.uk,1,uk,其他
ercis.ro,1,ro,其他
erdal.fr,1,fr,其他
erepository.uonbi.ac.ke,1,ke,其他
ering.in,1,in,其他
escortlinkdirectory.info,1,info,其他
eshop.cordovabay.com,1,com,商业
eshop.tripol-shop.cz,1,cz,其他
eski.sgk.gov.tr,1,tr,政府
espaces-lawe.hautetfort.com,1,com,商业
ethiopiatraditionstravel.com,1,com,商业
etiquetages.com,1,com,商业
etnet.com.hk,1,hk,商业
ets-n.ru,1,ru,其他
eu.sydnddice.com,1,com,商业
euro-som.de,1,de,其他
euroferroviarios.net,1,net,网络
europeanagroforestry.eu,1,eu,其他
eussner.blogspot.com,1,com,商业
evansvillepaving.com,1,com,商业
event.poslfit.com,1,com,商业
eventos.uem.br,1,br,其他
everydetails.com,1,com,商业
expertcentre.dk,1,dk,其他
extremetracking.com,1,com,商业
ezerzeme.lv,1,lv,其他
f.ope-ig.com,1,com,商业
faajf.cn,1,cn,其他
fardinstitute.ir,1,ir,其他
fashionhair.cz,1,cz,其他
fashjournal.ru,1,ru,其他
fastbook.cvpa.usf.edu,1,edu,教育
fbchiwasse.net,1,net,网络
feb.knu.ac.kr,1,kr,其他
federazionecemat.it,1,it,其他
fehmarnpur.de,1,de,其他
fennica.net,1,net,网络
ferghana.ru,1,ru,其他
ferien-am-wiesenweg.com,1,com,商业
ferraresistefano.com,1,com,商业
ferreq.com,1,com,商业
fesztival.arnolfini.hu,1,hu,其他
fheinen.nl,1,nl,其他
fik-ksiegowosc.pl,1,pl,其他
fimkorea.co.kr,1,kr,其他
finance-com.ru,1,ru,商业
finance.jingji.net,1,net,网络
finance.menlopark.com,1,com,商业
finances.gouv.ga,1,ga,其他
finanzperspektiven.de,1,de,其他
findawashingtonjob.com,1,com,商业
findnews.ru,1,ru,其他
fingercode.es,1,es,其他
firma.media,1,media,其他
fishing7.club,1,club,其他
fishing82.ru,1,ru,其他
fisnyak.ru,1,ru,其他
fitcalm.fr,1,fr,其他
flash.cncfnews.com,1,com,商业
floorplans.click,1,click,其他
flowfreesolutions.com,1,com,商业
fluke.com.mm,1,mm,商业
focus.formez.it,1,it,其他
foenix1976.dk,1,dk,其他
foerderkreisdersenioren.de,1,de,其他
food888.com.tw,1,tw,商业
football.msu.ru,1,ru,其他
forceful.ru,1,ru,其他
foros.catholic.net,1,net,网络
forum-digitalna.nb.rs,1,rs,其他
forum.af001.com,1,com,商业
forum.anebquebec.com,1,com,商业
forum.badlandgame.com,1,com,商业
forum.billion.uk.com,1,com,商业
forum.centrumxp.pl,1,pl,其他
forum.cosmetic.ua,1,ua,其他
forum.drezyny.pl,1,pl,其他
forum.imfdb.org,1,org,组织
forum.infinitymuonline.com,1,com,商业
forum.istlokal.de,1,de,其他
forum.jphip.com,1,com,商业
forum.leerlingen.com,1,com,商业
forum.mastermason.com,1,com,商业
forum.okis.ru,1,ru,其他
forum.ottawagolf.com,1,com,商业
forum.pascal.net.ru,1,ru,网络
forum.pigeonbasics.com,1,com,商业
forum.predseda.com,1,com,商业
forum.primteplo.ru,1,ru,其他
forum.protonjon.com,1,com,商业
forum.russnet.de,1,de,网络
forum.totally-scrap.fr,1,fr,其他
forum.twelvershia.net,1,net,网络
forum.unit-online.ru,1,ru,其他
forum.vlx.ro,1,ro,其他
forum.wincmd.ru,1,ru,其他
forums.datarealms.com,1,com,商业
forums.diecast-aviation.eu,1,eu,其他
forums.isu.org,1,org,组织
forums.macnn.com,1,com,商业
fpfy.net,1,net,网络
fra-wien.at,1,at,其他
frauenschonheit.com,1,com,商业
free-musika.com,1,com,商业
freeproxylist.org,1,org,组织
freibeuterfraktion.de,1,de,其他
freilesen.de,1,de,其他
fromthetrenchesworldreport.com,1,com,商业
frutosdelpaissilvino.cl,1,cl,其他
fsct.com,1,com,商业
fslxmj.com,1,com,商业
ft-daiko.com,1,com,商业
ftp.ch.debian.org,1,org,组织
ftp.ports.debian.org,1,org,组织
ftp.uni-kl.de,1,de,其他
ftp.word.slupsk.pl,1,pl,其他
ftp6.us.freebsd.org,1,org,组织
ftp7.jp.netbsd.org,1,org,组织
fukushima-kids.org,1,org,组织
fun-cycles.com,1,com,商业
funcionariosdetoledoennegro.blogspot.com,1,com,商业
fund.stockstar.com,1,com,商业
fuyohin-sodan.com,1,com,商业
fzp.plus,1,plus,其他
g-coding.com,1,com,商业
g174.com,1,com,商业
gabric.de,1,de,其他
gabrielfederico.com,1,com,商业
gabriellaroma.unblog.fr,1,fr,其他
gachdatrangtrithuyoanh.com,1,com,商业
gakushikai.or.jp,1,jp,其他
galeriakpl.pl,1,pl,其他
galerie.klusik.cz,1,cz,其他
galido.net,1,net,网络
gallery.hmy-bus.app,1,app,其他
gallopingbulls.pl,1,pl,其他
gameacadmey.com,1,com,商业
gameifun.in,1,in,其他
gameprincess.seesaa.net,1,net,网络
gapb.fr,1,fr,其他
garderoba.pl,1,pl,其他
garterblog.ru,1,ru,其他
garymoyers.com,1,com,商业
gasolineras.rf.gd,1,gd,其他
gastop.eastus2.cloudapp.azure.com,1,com,商业
gaz20.spb.ru,1,ru,其他
gd.cdsq8.com,1,com,商业
gdjz.net,1,net,网络
gdszally.com,1,com,商业
geografiya.uz,1,uz,其他
geopt.org,1,org,组织
geotex-te.com,1,com,商业
gerdlippmann.de,1,de,其他
germansonmd.com,1,com,商业
ghjtgux.cn,1,cn,其他
ghottimenews.com,1,com,商业
giammoingay.com,1,com,商业
gimn14.mypsx.net,1,net,网络
gimnazija-deveta-zg.skole.hr,1,hr,其他
girlmime.com,1,com,商业
gitlab.aicrowd.com,1,com,商业
gladiadoresoffroad.com,1,com,商业
glamisatvrentals.com,1,com,商业
glg-russia.ru,1,ru,其他
globalonline.co.id,1,id,其他
globalreefrecord.org,1,org,组织
globe.umbc.edu,1,edu,教育
gloritta.ru,1,ru,其他
goautoes.sassoagency.com,1,com,商业
godtsuntogbillig.blogspot.com,1,com,商业
goinstijl.nl,1,nl,其他
gojishop.pl,1,pl,其他
goldendict.org,1,org,组织
goldteam.su,1,su,其他
golf-aichi.com,1,com,商业
golf.sobieniekrolewskie.pl,1,pl,其他
gonet.phpnet.org,1,org,组织
gongqingchengzpw.com,1,com,商业
gonzalezdentalcare.com,1,com,商业
gopher.uco.es,1,es,其他
goshenems.com,1,com,商业
got1dev.got1shop.com,1,com,商业
gotodance.ru,1,ru,其他
gq.zbkaisuo.cn,1,cn,其他
grandjump.shueisha.co.jp,1,jp,其他
grandmildom.com,1,com,商业
grantha.jiva.org,1,org,组织
grantory.ru,1,ru,其他
greengu.ru,1,ru,其他
greenislandstudios.blogspot.com,1,com,商业
greysonchancefans.com,1,com,商业
gribochek.su,1,su,其他
grimalkin.interpres.org,1,org,组织
groupworking.ru,1,ru,其他
grupoquijada.com,1,com,商业
grwebdev.org,1,org,组织
gucluder.org,1,org,组织
guiadeproveedores.com,1,com,商业
gulong.net.cn,1,cn,网络
guojiwp.com,1,com,商业
guvest.com,1,com,商业
gw.48ws.com,1,com,商业
gx.jinyingjie.com,1,com,商业
gy.guiyoso.com,1,com,商业
gzfhwq.com,1,com,商业
gzxyzyhs.com,1,com,商业
handicaservices06.net,1,net,网络
hanimo.com,1,com,商业
hannivoort.org,1,org,组织
hardcastlephotography.com,1,com,商业
havanahorses.co.id,1,id,其他
hbjxjy.org,1,org,组织
hdavia.fr,1,fr,其他
heartabc.com,1,com,商业
heartsongsco.com,1,com,商业
heinergadde.de,1,de,其他
hellofta.com,1,com,商业
hemingwaybcn.com,1,com,商业
hepcm2020.itam.nsc.ru,1,ru,其他
heraldi.hr,1,hr,其他
hereisporn.com,1,com,商业
hh.diva-portal.org,1,org,组织
hi-life.co.kr,1,kr,其他
hieretaujourdhui.com,1,com,商业
hifu.artlady.pl,1,pl,其他
higgledygarden.com,1,com,商业
highlandparkhistory.libraryhost.com,1,com,商业
hillcountrybookstore.com,1,com,商业
himlife.site,1,site,其他
hindi.buxartopnews.com,1,com,商业
hiroshi-takanami.com,1,com,商业
hispeedhorns.com,1,com,商业
historia.id,1,id,其他
hiyuanxi.com,1,com,商业
hj.diva-portal.org,1,org,组织
hjy.kr,1,kr,其他
hlaseni.teplice.cz,1,cz,其他
hn-antena.com,1,com,商业
hogar.lacor.es,1,es,其他
howtohelp.au,1,au,其他
hpmoulding.com,1,com,商业
hsexweek.org,1,org,组织
ht103.webtahsis.com,1,com,商业
hu.skdmedical.com,1,com,商业
hucchc.com,1,com,商业
human-centre.net,1,net,网络
i88f8j3.aqituandui.com,1,com,商业
iacap2023.auletris.com,1,com,商业
ibok.jp,1,jp,其他
ice.spirit.free.fr,1,fr,其他
ict.digiworld.com.vn,1,vn,商业
ideate.xsead.cmu.edu,1,edu,教育
ie-today.co.uk,1,uk,其他
iki-takaraya.com,1,com,商业
iklee.knu.ac.kr,1,kr,其他
ilabilab.com,1,com,商业
ilgiornaledellefondazioni.com,1,com,商业
ilib.upm.edu.ph,1,ph,教育
illiaboccia.com,1,com,商业
ilmeny.org.ru,1,ru,组织
ima-koto.city-walk.com,1,com,商业
images.google.com,1,com,商业
img.ktv-smart.jp,1,jp,其他
img4.ktzhk.com,1,com,商业
imgbox.com,1,com,商业
imokuma1017.com,1,com,商业
imtfe.law.virginia.edu,1,edu,教育
infonigeria.com.ng,1,ng,商业
inforaspb.ru,1,ru,其他
informatikaioktatas.hu,1,hu,其他
inie-jp.blog,1,blog,其他
inovatifsacekim.com,1,com,商业
inquiry.ius.edu.ba,1,ba,教育
insidersxe.cafe24.com,1,com,商业
institutumfraknoi.hu,1,hu,其他
interkom.vecnost.cz,1,cz,其他
inverclydeww1.org,1,org,组织
investocenka.ru,1,ru,其他
io-igri.ru,1,ru,其他
iostudio.cz,1,cz,其他
iot-solution.jp,1,jp,其他
ipgkpm.edu.my,1,my,教育
ipshalygin.ru,1,ru,其他
ir-david.com,1,com,商业
ironmanu.de,1,de,其他
is.golfmylo.com,1,com,商业
isagt.com,1,com,商业
ishare.rediff.com,1,com,商业
istarblog.com,1,com,商业
itools-downloads.ru,1,ru,其他
j.delillos.no,1,no,其他
j6h.vanguardmediapro.com,1,com,商业
jadeedindinon.co,1,co,其他
jadvis.org.ua,1,ua,组织
janet.nnov.org,1,org,组织
jangwuel.com,1,com,商业
javada.cn,1,cn,其他
javdownloader.info,1,info,其他
jayloon.com,1,com,商业
jb34.xyz,1,xyz,其他
jc.yntcm.net,1,net,网络
jerichow-regional.de,1,de,其他
jeux.dombres.free.fr,1,fr,其他
jg.hbpu.edu.cn,1,cn,教育
jharkhandjagran.in,1,in,其他
jiamusi.daiyunlt.cn,1,cn,其他
jiangyan.jxteacher.com,1,com,商业
jiaweili.com,1,com,商业
jiguangdive.com,1,com,商业
jiyingpiao.com,1,com,商业
jks3.ru,1,ru,其他
jkzgnews.com,1,com,商业
jorgevidal.eu,1,eu,组织
jornada1x2.com,1,com,商业
joshsisk.com,1,com,商业
journal.unair.ac.id,1,id,其他
jrsgirl.tvheaven.com,1,com,商业
js-trains.ic.cz,1,cz,其他
jsfushide.com,1,com,商业
jshubao.com,1,com,商业
jshxzn.com,1,com,商业
jsycdj.com,1,com,商业
judithannebarrie.com,1,com,商业
julesandjames.blogspot.com,1,com,商业
julieparadise.net,1,net,网络
junglespots.se,1,se,其他
juqiangsm.com,1,com,商业
justblackjack.com,1,com,商业
justusemoulds.com,1,com,商业
juthon.com,1,com,商业
juyajiaju.com,1,com,商业
juyt.xingkong.net,1,net,网络
jwsti.iut.ac.ir,1,ir,其他
jxztq.net,1,net,网络
jzssgg.com,1,com,商业
k.geeksthatrock.net,1,net,网络
kalendarzy.pl,1,pl,其他
kanazawaya-denentsukushino.com,1,com,商业
karaoke.muzika.fr,1,fr,其他
karlovo4.sonikstart.eu,1,eu,其他
kartinkatara.ru,1,ru,其他
kasalen.ru,1,ru,其他
katalogdata.cz,1,cz,其他
katano.jcp-web.net,1,net,网络
kawanabi.nohhun.jetboy.jp,1,jp,其他
kawashin1958.cocolog-nifty.com,1,com,商业
kazahaya.info,1,info,其他
kbmri.com,1,com,商业
kdpei-um.com,1,com,商业
kelkkalehti.com,1,com,商业
kepek.fazekas.hu,1,hu,其他
kerncountyfraud.com,1,com,商业
kg.csj.ac.kr,1,kr,其他
kimamahp.com,1,com,商业
kitfotovoltaicosemplice.it,1,it,其他
kjellovehattrem.com,1,com,商业
kjob.koreasarang.co.kr,1,kr,其他
kk623.cc,1,cc,其他
klaipeda21.lt,1,lt,其他
klimaoasen-oldenburg.de,1,de,其他
kniha.diera.sk,1,sk,其他
koda.kominari.cz,1,cz,其他
komari.blue,1,blue,其他
konatomizu.net,1,net,网络
konfektgourmet.com,1,com,商业
konohadayo.cocolog-nifty.com,1,com,商业
koyo-keiju.jp,1,jp,其他
kpd192.com,1,com,商业
kpopnews.net,1,net,网络
krasremstroy.ru,1,ru,其他
krystynapolek.pl,1,pl,其他
krzyz.nazwa.pl,1,pl,其他
ksmebels.ru,1,ru,其他
kspmo.ru,1,ru,其他
kst.tugab.bg,1,bg,其他
kukjecock.com,1,com,商业
kura2.photozou.jp,1,jp,其他
kurtizankashop.ru,1,ru,其他
kyodoshi.com,1,com,商业
kzsb.cz,1,cz,其他
l33ine.braunnwambulance.com,1,com,商业
la-plongee.fr,1,fr,其他
lab43.ru,1,ru,其他
labaq.com,1,com,商业
lady.tochka.net,1,net,网络
laeuse.cardiosec.de,1,de,其他
lafodf.tjwmjjwx.com,1,com,商业
lamanoderecha.com.ar,1,ar,商业
landamachinery.com,1,com,商业
landwaterpeople.co.nz,1,nz,其他
lapsuscalami.com.ar,1,ar,商业
lazer-graffiti.ru,1,ru,其他
lchyxxsc.cn,1,cn,其他
ldld.hochiminhcity.gov.vn,1,vn,政府
leadstyle.com.hk,1,hk,商业
leasesxcelenergy.com,1,com,商业
leesexdvd.com,1,com,商业
legal-aid-center.ru,1,ru,其他
leland.dk,1,dk,其他
lenieke.nl,1,nl,其他
letnews.ru,1,ru,其他
lfthandedbandit.com,1,com,商业
liam.blue,1,blue,其他
lib.custis.ru,1,ru,其他
lib.mgppu.ru,1,ru,其他
lib.sadra.ac.id,1,id,其他
library.basnet.by,1,by,网络
library.mvschool.com,1,com,商业
licitacoeseb.2rm.eb.mil.br,1,br,其他
lightscamerabackbeat.com,1,com,商业
lily2015.com,1,com,商业
limesurvey.rubinst.ru,1,ru,其他
linesandcolors.com,1,com,商业
linoit.com,1,com,商业
lirakorbowa.pl,1,pl,其他
lisimechanical.com,1,com,商业
lists.mindrot.org,1,org,组织
lists.suckless.org,1,org,组织
literarnisvet.cz,1,cz,其他
literaryluminaries.biz,1,biz,其他
ljr2.xyz,1,xyz,其他
lnpvt.com,1,com,商业
lnx.beegees.it,1,it,其他
lobservateurburundi.com,1,com,商业
lol.17173.com,1,com,商业
loyalgroup.com.my,1,my,商业
lt.hosoton.com,1,com,商业
lt.syrokomla.lt,1,lt,其他
luhan666.com,1,com,商业
lujuriosaxxx.com,1,com,商业
lunasgroceries.com,1,com,商业
lyricstrue.net,1,net,网络
lyugpx.com,1,com,商业
lyzyz58.com,1,com,商业
lzs.lt,1,lt,其他
m-edi-a.ru,1,ru,其他
m-mozaiki.ru,1,ru,其他
m.4000zl.net,1,net,网络
m.5stb.com,1,com,商业
m.aitmy6.com,1,com,商业
m.barcamp.tw,1,tw,其他
m.bqzv.en.masion-de-nolita.co.kr,1,kr,其他
m.cdklan.com,1,com,商业
m.chinaxltc.com,1,com,商业
m.chinazmbaby.com,1,com,商业
m.cnxiakela.com,1,com,商业
m.hnedutv.com,1,com,教育
m.hriq.net,1,net,网络
m.karnakarts.com,1,com,商业
m.kwanews.com,1,com,商业
m.lamareauxlibellules.com,1,com,商业
m.lfj999.com,1,com,商业
m.liawa.com,1,com,商业
m.lyfc.cn,1,cn,其他
m.mega-admin.com,1,com,商业
m.opengatecollege.com,1,com,商业
m.playdb.co.kr,1,kr,其他
m.superptakoviny.cz,1,cz,其他
m.telewizjattm.pl,1,pl,其他
m.woxuewoyou.com,1,com,商业
m.zenne.com.my,1,my,商业
m3reklam.com,1,com,商业
macattaxx.com,1,com,商业
macorchard.com,1,com,商业
macsonuclaritv.com,1,com,商业
mad.birgitsbiks.dk,1,dk,其他
mafoto.cz,1,cz,其他
magicgroup-eg.com,1,com,商业
mahagoni.ba,1,ba,其他
mail.spinics.net,1,net,网络
mail.ublink.org,1,org,组织
majunjie.com,1,com,商业
makemoneyparttimeonline.com,1,com,商业
makers-kent.com,1,com,商业
makir.mak.ac.ug,1,ug,其他
mall.zaidz.com,1,com,商业
mangabookshelf.com,1,com,商业
manoakcija.lt,1,lt,其他
maps.google.is,1,is,其他
maps.google.st,1,st,其他
maratonac.com,1,com,商业
marco-schueler.de,1,de,其他
marcocgn.de,1,de,其他
marcoselvis.com,1,com,商业
marcostudio.nde.tw,1,tw,其他
mariafernandezdesigns.com,1,com,商业
marina-club.pl,1,pl,其他
markets.chroniclejournal.com,1,com,商业
martinschweitzer.com,1,com,商业
mascapaces.accedalia.com,1,com,商业
mastering-it.com,1,com,商业
mataairradio.com,1,com,商业
matematikblogg.se,1,se,其他
material.jeanpascallaw.com,1,com,商业
mau16.thuvienweb.vn,1,vn,其他
max-ams.ru,1,ru,其他
mcpopmb.ning.com,1,com,商业
mdemag.com.ar,1,ar,商业
mdsmobius.supremecouncil.org,1,org,组织
mechanicalcoupling.com,1,com,商业
medalsmilitary.com,1,com,商业
media.pastorchuck.com,1,com,商业
mediterranitalia.hu,1,hu,其他
medresproducts.com,1,com,商业
medrolpak.us.com,1,com,商业
medvuz.info,1,info,其他
meghdad20.loxblog.com,1,com,商业
meghirdetem.hu,1,hu,其他
megrez.math.u-bordeaux.fr,1,fr,其他
mehtehniks.ru,1,ru,其他
meilicaiwu.com,1,com,商业
mejfm.com,1,com,商业
mes-racines.com,1,com,商业
metaboss.de,1,de,其他
metamath.tirix.org,1,org,组织
metrosandiegohomesforsale.com,1,com,商业
mgcidades.com.br,1,br,商业
michaelbray.org,1,org,组织
michelgiraud.fr,1,fr,其他
michikore.com,1,com,商业
micro-brandmanagement.com,1,com,商业
mieux.promptbox.jp,1,jp,其他
mikelien.com,1,com,商业
milamo.ru,1,ru,其他
milan-zellamsee.at,1,at,其他
mili-moi.pl,1,pl,其他
milkow.fotoport.pl,1,pl,其他
milosne.com.pl,1,pl,商业
minoritywelfare.kerala.gov.in,1,in,政府
mipdatabase.com,1,com,商业
mir-kliparta.com,1,com,商业
mirror.linux.org.au,1,au,组织
mirror.sjtu.edu.cn,1,cn,教育
missionteachersunion.com,1,com,商业
misterlove.ru,1,ru,其他
mj.web-sitemap.apcoad.com,1,com,商业
mkdav.in,1,in,其他
mlfemy.com,1,com,商业
mnachti.de,1,de,其他
mobildigital.hu,1,hu,其他
mobile-job.jp,1,jp,其他
modarchive.org,1,org,组织
modmorph.turklang.net,1,net,网络
moedelo.info,1,info,其他
moiorhidei.ru,1,ru,其他
mojganrazaghi.com,1,com,商业
molbertt.ru,1,ru,其他
molise.org,1,org,组织
mongol.nmgesports.com,1,com,商业
mono81.com,1,com,商业
monroneylabels.com,1,com,商业
montoya.sdsmt.edu,1,edu,教育
moo.plaidcow.net,1,net,网络
moorimpaperairplane.co.kr,1,kr,其他
moremesa.org,1,org,组织
morningthai.com,1,com,商业
mossparkarena.com,1,com,商业
motelife.net,1,net,网络
motor-home-page.com,1,com,商业
moviesgaybears.com,1,com,商业
mpakaliko.gr,1,gr,其他
mtksj.com,1,com,商业
murakawamichio.cocolog-nifty.com,1,com,商业
museo.sicdat.it,1,it,其他
museosanfrancisco.com,1,com,商业
museumsmile.lu,1,lu,其他
musicaviva.pl,1,pl,其他
muya1122.pixnet.net,1,net,网络
muzcentrum.ru,1,ru,其他
my-samsung.pl,1,pl,其他
my.math.snu.ac.kr,1,kr,其他
myfavoriteblankie.ca,1,ca,其他
myhelperdesk.com,1,com,商业
myljach.mooo.com,1,com,商业
mymathteacher.co.kr,1,kr,其他
mypcworld.6te.net,1,net,网络
mythbustersfanclub.com,1,com,商业
n5d0r7.fhuq.cn,1,cn,其他
nadiastudio.ru,1,ru,其他
nage-ko.valofe.com,1,com,商业
nagyreality.cz,1,cz,其他
naked.msg-18.com,1,com,商业
nanoxanh.com,1,com,商业
nanping.xrcjj.com,1,com,商业
nat.harm.chez-alice.fr,1,fr,其他
natchezcac.org,1,org,组织
naturepics.com,1,com,商业
navote.ru,1,ru,其他
nazonazo2.problo.net,1,net,网络
nbho.dachani.com,1,com,商业
ncnphellevoetsluis.nl,1,nl,其他
nd588.com,1,com,商业
needles.co.kr,1,kr,其他
nepaliyp.com,1,com,商业
netria.pl,1,pl,网络
neues-vom-alltag.de,1,de,其他
new.peevee.tv,1,tv,其他
new.quireoffice.com,1,com,商业
new.sxzdb.cn,1,cn,其他
newberg-oregon.com,1,com,商业
news.17173.com,1,com,商业
ngoclinhbamboo.com,1,com,商业
nhandinhhon.trangsuc.doji.vn,1,vn,其他
niceclaup313.pixnet.net,1,net,网络
nihongami.net,1,net,网络
nilodepian.eu,1,eu,其他
ningliang.com,1,com,商业
nippan-th.net,1,net,网络
nmorgenstern.de,1,de,组织
nnkp.cc,1,cc,其他
nokamunkahelyen.hu,1,hu,其他
noticiaspanguipulli.cl,1,cl,其他
nouedesign.com,1,com,商业
novell.org.ru,1,ru,组织
novofundland.eu,1,eu,其他
nsajin.com,1,com,商业
nthandatimes.com,1,com,商业
nts.fasto.unsa.ba,1,ba,其他
nxajhwz.cluster028.hosting.ovh.net,1,net,网络
obskures.de,1,de,其他
odmiennystan.pl,1,pl,其他
oenopauillac.fr,1,fr,其他
ohimhouse.cocolog-nifty.com,1,com,商业
ohtomi.co.jp,1,jp,其他
oil21.org,1,org,组织
old.danchimviet.info,1,info,其他
old.icelandnaturally.com,1,com,商业
old.kievbus.info,1,info,其他
old.projectkesher.ru,1,ru,其他
old.tnsj.pt,1,pt,其他
oldnavalhospital.org,1,org,组织
omladinskenovine.rs,1,rs,其他
omoitsuki-blog.cocolog-nifty.com,1,com,商业
online.gov.vn,1,vn,政府
onlineslangdictionary.com,1,com,商业
ono-office.jp,1,jp,其他
opac.nitrkl.ac.in,1,in,其他
opeaktech.com,1,com,商业
oramreisen.de,1,de,其他
orcadigitalnet.com,1,com,商业
oregontrailrecovery.com,1,com,商业
origin-kalvimalar.dinamalar.com,1,com,商业
origin-www.webmd.com,1,com,商业
origin.fontsinuse.com,1,com,商业
orthocontact.com,1,com,商业
ortokbh.dk,1,dk,其他
oru.diva-portal.org,1,org,组织
osaka-chusei.co.jp,1,jp,其他
ostrov-tenerife.cz,1,cz,其他
otc.pereplet.ru,1,ru,其他
otkrytok.net,1,net,网络
otsplus.by,1,by,其他
ourz.de,1,de,其他
outforsoulsandcookies.com,1,com,商业
overpreventie.nl,1,nl,其他
p.chinesemenu.com,1,com,商业
packetstormsecurity.com,1,com,商业
pakistanfoemonitor.org,1,org,组织
paomobeng.com,1,com,商业
parfumista.net,1,net,网络
parser.dyestat.com,1,com,商业
pasiondehincha.cl,1,cl,其他
passway.co.kr,1,kr,其他
pathlabs.rlbuht.nhs.uk,1,uk,其他
patillasdeasimov.blogspot.com,1,com,商业
pattyvice.com,1,com,商业
pazydiversidadcultural.org,1,org,组织
pcelarstvo-nahl.com,1,com,商业
pdadme.mackaber.me,1,me,其他
pdiperjuangan-jateng.com,1,com,商业
pecheenkayak.free.fr,1,fr,其他
peddlethorp.com.cn,1,cn,商业
pen-links.com,1,com,商业
peopleandcountries.com,1,com,商业
perdos.ru,1,ru,其他
perfect-stranger.net,1,net,网络
personal.genealogica.net,1,net,网络
persons.feeddigest.com,1,com,商业
petra-promo.ru,1,ru,其他
petropolplock.pl,1,pl,其他
peugeot405.ru,1,ru,其他
phentek.in,1,in,其他
pinkpt.com,1,com,商业
piramida-mebel.ru,1,ru,其他
pirogi-tabu.ru,1,ru,其他
pitanye.ru,1,ru,其他
piyo.fc2.com,1,com,商业
pj.lgmobilereg.com,1,com,商业
platinum1.com,1,com,商业
plido.fr,1,fr,其他
polblat.pl,1,pl,其他
policestory.cocolog-nifty.com,1,com,商业
polired.upm.es,1,es,其他
pom666.com,1,com,商业
popcorn-tv.net,1,net,网络
porsima.com,1,com,商业
portallbikers.ru,1,ru,其他
posteursfous.fr,1,fr,其他
potplantennet.nl,1,nl,网络
prairieponds.com,1,com,商业
prediksiberhadiah.com,1,com,商业
pref.fukushima.lg.jp,1,jp,其他
probe.com.cn,1,cn,商业
probidentziabasauri.eus,1,eus,其他
product.chachezhijia.com,1,com,商业
product.dangdang.com,1,com,商业
product.kachecn.com,1,com,商业
profkom-vspu.ru,1,ru,其他
programadeformacao.contagem.mg.gov.br,1,br,政府
projectag.net,1,net,网络
projek.psico.edu.uy,1,uy,教育
providus.lv,1,lv,其他
prsvradio.ru,1,ru,其他
psgkazan.ru,1,ru,其他
psv5.com,1,com,商业
psychicofberwyn.com,1,com,商业
pt-savontvaravi.distributorlampuphilips.com,1,com,商业
pt4fun-photobooth.com,1,com,商业
pub17.bravenet.com,1,com,商业
publicatio.bibl.u-szeged.hu,1,hu,其他
pugacheva.funbb.ru,1,ru,其他
punjabi.aglsoft.com,1,com,商业
puurmaniraamatukogu.weebly.com,1,com,商业
pza.sanbi.org,1,org,组织
qbible.com,1,com,商业
qcdmail.com,1,com,商业
qianzhizhai.com,1,com,商业
qinghuan.com,1,com,商业
qingxiling.com,1,com,商业
qinqinggulin.com,1,com,商业
qqwg.win,1,win,其他
qsbg.cn,1,cn,其他
quartierlibre.ca,1,ca,其他
queenannecats.co.uk,1,uk,其他
question12tribes.com,1,com,商业
quiz.eblana.eu,1,eu,其他
r7.org.ru,1,ru,组织
radio.suprememastertv.com,1,com,商业
radioelektronika.org,1,org,组织
radiograffiti.fr,1,fr,其他
radiohay.am,1,am,其他
radiosp.ru,1,ru,其他
radostpodlekaroliny.cz,1,cz,其他
rafaeliber765.image-perth.org,1,org,组织
rai-zamkov.ru,1,ru,其他
railscasts.com,1,com,商业
ramonarx.com,1,com,商业
rassed.net,1,net,网络
ratm.de,1,de,其他
rebill.me,1,me,其他
reboottokyo.com,1,com,商业
recon.io,1,io,其他
redeinterprime.com.br,1,br,商业
redpaperdaily.com,1,com,商业
refaiment.co.jp,1,jp,其他
reltec.biz,1,biz,其他
renminshangchang.com,1,com,商业
repositorio.udec.cl,1,cl,其他
repositorio.utm.edu.ec,1,ec,教育
repository.ajou.ac.kr,1,kr,其他
repository.seafdec.id,1,id,其他
requiem.spiderforest.com,1,com,商业
reservahotel.net,1,net,网络
resource.ibab.ac.in,1,in,其他
retecsa.com.ni,1,ni,商业
revista-transdigital.org,1,org,组织
revistas.uach.cl,1,cl,其他
rezut.net,1,net,网络
rhesus.amu.edu.pl,1,pl,教育
ricogrimm.de,1,de,其他
rifplanete.com,1,com,商业
rimonodrop.com,1,com,商业
rinf.com,1,com,商业
ripp.or.jp,1,jp,其他
rivieraclub.ru,1,ru,其他
rmef-prod.eba-g4mzppwp.us-west-2.elasticbeanstalk.com,1,com,商业
rodiotractor.com,1,com,商业
romeo-and-juliet.ru,1,ru,其他
rongxinmet.com,1,com,商业
roseburton.gamlsprimesites.com,1,com,商业
rosnedra72.ru,1,ru,其他
rosydaysphotography.com,1,com,商业
royaludaipurtaxiservice.com,1,com,商业
rozyczka.info.pl,1,pl,其他
rrkgroup.ru,1,ru,其他
rsmedios.com,1,com,商业
rssnepal.org.np,1,np,组织
rtsolution.co.kr,1,kr,其他
ru.esotericsoftware.com,1,com,商业
ru.plas-moulds.com,1,com,商业
rudozemdnes.bg,1,bg,其他
run.convio.net,1,net,网络
runeclad.com,1,com,商业
runt.ocean.washington.edu,1,edu,教育
russia-ic.com,1,com,商业
rutledgepark.org,1,org,组织
rvh-metallbau.de,1,de,其他
rybinsksail.ru,1,ru,其他
rychle.cars.cz,1,cz,其他
s.58jb.com,1,com,商业
s.waringfamilyguidance.com,1,com,商业
sactc334.com,1,com,商业
sainfo.ru,1,ru,其他
saintluke-parish.org,1,org,组织
sakura-copy.co.jp,1,jp,其他
samchen.ca,1,ca,其他
samsungfixers.com,1,com,商业
sandeep.shetty.in,1,in,其他
sandsteinpfade.de,1,de,其他
sanfranciscocity.forumbb.ru,1,ru,其他
sanity-products.com,1,com,商业
sanmeishop.com,1,com,商业
sanobharyangyatayat.bagamati.gov.np,1,np,政府
sarasotaseasonofsculpture.org,1,org,组织
sargam.org.in,1,in,组织
sariyer.gov.tr,1,tr,政府
sbarabau.altervista.org,1,org,组织
sbjxmx.com,1,com,商业
sbpereira.com,1,com,商业
scfqzs.com,1,com,商业
schlaugks-eckchen.de,1,de,其他
scholarsupdate.hi2net.com,1,com,商业
science-medic.com,1,com,商业
science.sdpublishers.org,1,org,组织
scooter-club.spb.ru,1,ru,其他
sdcoal.org.cn,1,cn,组织
sdicatalog.fi.ibimet.cnr.it,1,it,其他
sdsldmy.com,1,com,商业
se9999se.co,1,co,其他
seasonvar.ru,1,ru,其他
seattle.koreaportal.com,1,com,商业
seattleseahawksjerseys.us,1,us,其他
secretariasenred.com,1,com,商业
seguimento.igape.es,1,es,其他
seikandou.net,1,net,网络
seishinkougaku.com,1,com,商业
sellmyhousefast4cashnyc.com,1,com,商业
seomaster134.ru,1,ru,其他
serp-fox.com,1,com,商业
serveriem.lv,1,lv,其他
0755cxjz.com,1,com,商业
serwer1786762.home.pl,1,pl,其他
sever-kirishi.ru,1,ru,其他
sex-studentki.xyz,1,xyz,其他
sexlomadelmirador.com.ar,1,ar,商业
sexy.yakoila.com,1,com,商业
sexytabootalkers.com,1,com,商业
sfjianfei.com,1,com,商业
sg198.xyz,1,xyz,其他
sgi.diva-portal.org,1,org,组织
sgshenglianda.cn,1,cn,其他
shahshusho.kramolis.cz,1,cz,其他
shakespeare-hannover.de,1,de,其他
www.takagi.com,1,com,商业
shandongyf.com,1,com,商业
shans4you.ru,1,ru,其他
shejipeixun.com.cn,1,cn,商业
shiga-jichiroren.com,1,com,商业
shofukuji.or.jp,1,jp,其他
shop.boqii.com,1,com,商业
shop.christmasplace.com,1,com,商业
0.pembrokeconcrete.com,1,com,商业
shopgomnhat.com,1,com,商业
shopowner.office-goendo.com,1,com,商业
siba-ese.unile.it,1,it,其他
sibhilla.uab.cat,1,cat,其他
sibreklama.ru,1,ru,其他
sibskam.ru,1,ru,其他
04hl.esxmovies.com,1,com,商业
sikn.pasamanbaratkab.go.id,1,id,其他
sildenafil.company,1,company,商业
silencesux.ru,1,ru,其他
silentdrift.net,1,net,网络
silvernettv.com,1,com,商业
www.sxbly.com,1,com,商业
sinovel.com,1,com,商业
www.stiftung-wir-in-olsberg.de,1,de,其他
sklok.com,1,com,商业
skolinzs.khnet.info:8880,1,info:8880,网络
skolskisajt.in.rs,1,rs,其他
skycheck.de,1,de,其他
slatingtonhvac.com,1,com,商业
sloveniabusinesschannel.com,1,com,商业
smallbonesystem.com,1,com,商业
smartfitband.com,1,com,商业
smartphone-flatrate-finden.de,1,de,其他
smecd.com,1,com,商业
snn.gr,1,gr,其他
sobatfilm21.link,1,link,其他
sobramfa.com.br,1,br,商业
sobrelatierra.agro.uba.ar,1,ar,其他
socialismo.mastertopforum.biz,1,biz,其他
soduim.freeservers.com,1,com,商业
soerenbax.com,1,com,商业
sofahelden.at,1,at,其他
soft.zhiding.cn,1,cn,其他
sommerresidence.pl,1,pl,其他
sorigongan.co.kr,1,kr,其他
sovhtt.baria-vungtau.gov.vn,1,vn,政府
space-sugita.cocolog-nifty.com,1,com,商业
www.storepaintshoppro.com,1,com,商业
spankthis.com,1,com,商业
spisa.ru,1,ru,其他
www.storminspank.com,1,com,商业
sportalio.sk,1,sk,其他
sportlib.su,1,su,其他
sportsgear.dk,1,dk,其他
sportsplosion.com,1,com,商业
sportstimesbd.com,1,com,商业
sps-controls.com,1,com,商业
spymarket.pl,1,pl,其他
spzdziarzec.edu.pl,1,pl,教育
src-taiga.ru,1,ru,其他
srednja.splet.arnes.si,1,si,其他
srinadarajartemple.org,1,org,组织
www.strawberrydays.org,1,org,组织
srv84.awetranny.ru,1,ru,其他
ss52.net,1,net,网络
ss6044.cafe24.com,1,com,商业
ssnd-austria.org,1,org,组织
stanfeld.com,1,com,商业
std-nn.ru,1,ru,其他
steelbo.com,1,com,商业
stephenrayroth.com,1,com,商业
stepnoykuchuk.ru,1,ru,其他
stg-build.com,1,com,商业
sthjj.nc.gov.cn,1,cn,政府
stonemontaj.com,1,com,商业
storagetokyngton.co.uk,1,uk,其他
store.seiwaceramics.com,1,com,商业
streaminglatino.com,1,com,商业
strikecoded.xtgem.com,1,com,商业
stroimdacha.ru,1,ru,其他
studiomagnani.it,1,it,其他
studioyeorang.com,1,com,商业
subversify.com,1,com,商业
suita.chu.jp,1,jp,其他
summit2022.merconsortium.eu,1,eu,其他
sumoakashi.com,1,com,商业
sun.medicept.co.jp,1,jp,其他
sunderingshadows.com,1,com,商业
sunghohitec.com,1,com,商业
sunnyday.mit.edu,1,edu,教育
sunview.ed.cr,1,cr,其他
support.info2soft.com,1,com,商业
suprememastertv.cz,1,cz,其他
surf.ml.seikei.ac.jp,1,jp,其他
surfclub-jockgrim.de,1,de,其他
suruchi.in,1,in,其他
sw88.com.tw,1,tw,商业
swinglifeaway.de,1,de,其他
sxcredit.com,1,com,商业
sxkcwz.com,1,com,商业
sxyzgz888.com,1,com,商业
syt.travinh.gov.vn,1,vn,政府
szabotanna.com,1,com,商业
szchenda.com,1,com,商业
szcurio.com,1,com,商业
szjzhpcb.com,1,com,商业
www.stretford-end.com,1,com,商业
szsjj.com,1,com,商业
t1024.tw,1,tw,其他
tafsir.itho.eu.org,1,org,组织
taiheth.com,1,com,商业
taiwan-sampo-service.com.tw,1,tw,商业
talespin.aniworld.ru,1,ru,其他
tamcop.com,1,com,商业
tamiljolly.com,1,com,商业
tangart.net,1,net,网络
tanstreats.com,1,com,商业
tapas.dhmagazine.es,1,es,其他
tarot.my1.ru,1,ru,其他
tatarskaiaposuda.ru,1,ru,其他
taxpravo.ru,1,ru,其他
www.studentlya.nu,1,nu,其他
tdoa.org,1,org,组织
tdpostavshik.ru,1,ru,其他
teach-school.com,1,com,商业
teammas.in,1,in,其他
techmak.com.pl,1,pl,商业
technicaliq.com,1,com,商业
techno.co.th,1,th,其他
teledominternational.net,1,net,网络
tenutadisesta.it,1,it,其他
test.woodwind.org,1,org,组织
textrads.com,1,com,商业
thaincd.com,1,com,商业
the-best-dosug.ru,1,ru,其他
theaaintl.com,1,com,商业
theblindowl.de,1,de,其他
thefinalforty.com,1,com,商业
www.sujeong-gu.go.kr,1,kr,其他
thehuntedandgathered.com,1,com,商业
theidem.com,1,com,商业
thelongwaynorth.com,1,com,商业
theluxauthority.com,1,com,商业
thempeg.com,1,com,商业
thenesthorrormovie.com,1,com,商业
therockwoodfiles.com,1,com,商业
thesouthsider.org,1,org,组织
www.suminodou.jp,1,jp,其他
tianlulula.com,1,com,商业
tilley.servehttp.com,1,com,商业
tipico-kuwamura.jp,1,jp,其他
tipicosdeyova.com,1,com,商业
www.suomenbriard.net,1,net,网络
tl.17173.com,1,com,商业
tmall010.net,1,net,网络
tmj.su,1,su,其他
tof-insights.com,1,com,商业
tongchuanzhaopin.com,1,com,商业
tonprenom.com,1,com,商业
www.surfdeli.se,1,se,其他
top-physio-mainz.de,1,de,其他
www.sutyajnik.ru,1,ru,其他
tougao.com,1,com,商业
tovvisnik.lutsk-ntu.com.ua,1,ua,商业
track.eclipse-chaser.com,1,com,商业
trackandhack.com,1,com,商业
tractorptoshaftparts.xyz,1,xyz,其他
traditionsglobalnetwork.com,1,com,商业
traducat.net,1,net,网络
traha.cafe24.com,1,com,商业
tranhtheuhuuhanh.com,1,com,商业
transit-servis.ru,1,ru,其他
travel.romance.iki.rssi.ru,1,ru,其他
tritonic.ro,1,ro,其他
trongtai.ibongda.net,1,net,网络
truong4bqp.edu.vn,1,vn,教育
truva.baskent.edu.tr,1,tr,教育
tsuzuki-kensou.com,1,com,商业
ttmtb.com,1,com,商业
ttvnol.com,1,com,商业
tuku.tx.163.com,1,com,商业
tumase.com,1,com,商业
tuongvan.org,1,org,组织
turkuaz-ev.de,1,de,其他
tv-agent.net,1,net,网络
www.swindon-town-fc.co.uk,1,uk,其他
tv.cctv.com,1,com,商业
tv.dokult.com,1,com,商业
www.swissplan.biz,1,biz,其他
tw.archive.ubuntu.com,1,com,商业
tw.sports.yahoo.com,1,com,商业
twice.hu,1,hu,其他
twistednightmares.com,1,com,商业
tyjrswj.gz.gov.cn,1,cn,政府
tyseo.cn,1,cn,其他
tyszjt.com,1,com,商业
u4elsat-new.ru,1,ru,其他
uamedia.visti.net,1,net,网络
uat.infochoice.com.au,1,au,商业
074452.com,1,com,商业
uluulu.hawaii.edu,1,edu,教育
umbau.ffw-brueck.de,1,de,其他
un.china-mission.gov.cn,1,cn,政府
unaenergia.es,1,es,其他
uncleda.com,1,com,商业
unishieldpl.com,1,com,商业
untame.com,1,com,商业
urakparaki.com,1,com,商业
urhur.com,1,com,商业
us-cities.survey.okfn.org,1,org,组织
user.keio.ac.jp,1,jp,其他
ut-ch5.meimei679.com,1,com,商业
ut387.7597.info,1,info,其他
utahbirds.org,1,org,组织
uttarakhandirrigation.com,1,com,商业
uttasosh.ru,1,ru,其他
v897.la-vasconia.com,1,com,商业
valenticn.com,1,com,商业
188me.com,1,com,商业
vanphongphamdongnai.net.vn,1,vn,网络
18room.chat-528.com,1,com,商业
velingrad.com,1,com,商业
veljoviclaw.com,1,com,商业
1stshieldsecurity.co.uk,1,uk,其他
velqn.com,1,com,商业
veproknedlozelo.cz,1,cz,其他
verbur-ru.1gb.ru,1,ru,其他
vero-online.info,1,info,其他
verts92.net,1,net,网络
veteranosdelpilar.com,1,com,商业
vetstate.ru,1,ru,其他
vicinitycentres2017.onlineicr.com,1,com,商业
vicom.com.cn,1,cn,商业
victorycamp.gr,1,gr,其他
videoland.ru,1,ru,其他
videolekarz.pl,1,pl,其他
viejo.paysandu.gub.uy,1,uy,其他
viewer.zmags.com,1,com,商业
vigancity.gov.ph,1,ph,政府
vinmes.cn,1,cn,其他
vintti.yle.fi,1,fi,其他
vinylfly.com,1,com,商业
viol-photography.de,1,de,其他
vip554.info,1,info,其他
vipbiography.com,1,com,商业
vipjaluzi.com,1,com,商业
virginia-lodge.co.uk,1,uk,其他
virtualsolstice2020.com,1,com,商业
visiteprivate.ospedaleniguarda.it,1,it,其他
vistall.cn,1,cn,其他
vl-ent.com,1,com,商业
2012kiss.com,1,com,商业
vocabolariocasu.isresardegna.it,1,it,其他
volz-westies.de,1,de,其他
vov1.vov.gov.vn,1,vn,政府
vozhispanica.com,1,com,商业
vrn.ipk-service.ru,1,ru,其他
vrnregion.ru,1,ru,其他
vstruhlarstvi.cz,1,cz,其他
vvxvgo.safe-room.net,1,net,网络
w0.buzzmaga.com,1,com,商业
w1.datalive.top,1,top,其他
2016.caaconference.org,1,org,组织
wanlitezhongche.com,1,com,商业
wanz882.com,1,com,商业
wap.keypro.com.cn,1,cn,商业
washingtonlottery.us,1,us,其他
watchlog-wireless.jp,1,jp,其他
watermarkcondos.org,1,org,组织
wautersjohan.synology.me,1,me,其他
waywiser.fas.harvard.edu,1,edu,教育
waywiser.rc.fas.harvard.edu,1,edu,教育
wc.0536-2222222.com,1,com,商业
wck.slobodnaeuropa.sk,1,sk,其他
weather.hawaii.edu,1,edu,教育
web.kyoto-inet.or.jp,1,jp,网络
web1.huase33.vip,1,vip,其他
webben.brr.ac.th,1,th,其他
webmasterplein.net,1,net,网络
weboaze.lt,1,lt,其他
webplus.meticaretailthinking.com,1,com,商业
website.loktantrakibuniyad.com,1,com,商业
weekdaymasses.org.uk,1,uk,组织
weonimpex.com,1,com,商业
westbazi11.com,1,com,商业
wharrambuilders.ning.com,1,com,商业
whccomics.com,1,com,商业
whereswalt.com,1,com,商业
whiteberrymusic.de,1,de,其他
wholemediaconcepts.com,1,com,商业
wiki-sibiriada.ru,1,ru,其他
wikibasketball.dils.tku.edu.tw,1,tw,教育
wildeflechtereien.de,1,de,其他
wilee921.cocolog-nifty.com,1,com,商业
winflisailtrip.com,1,com,商业
winlib.biblioteca.ipca.pt,1,pt,其他
wissenschaftler.de,1,de,其他
wordnetweb.princeton.edu,1,edu,教育
wordsinthebucket.com,1,com,商业
worldinsound.com,1,com,商业
worldwearco.com,1,com,商业
wozkiwidlaki.com.pl,1,pl,商业
wp.lancs.ac.uk,1,uk,其他
wpzrvbe.s502.xrea.com,1,com,商业
writingdreams.net,1,net,网络
wrs.com.ua,1,ua,商业
wt8899.com,1,com,商业
ww12.aaavids.com,1,com,商业
ww12.mom-gfs.com,1,com,商业
ww12.queenbeeing.com,1,com,商业
ww12.southeastriverandridge.com,1,com,商业
ww12.uaelocaldirectory.com,1,com,商业
ww17.agdmining.com.au,1,au,商业
ww2.thenewshouse.com,1,com,商业
ww38.adbull.me,1,me,其他
ww38.earthboundmovie.net,1,net,网络
ww38.findmoviehd.com,1,com,商业
ww38.livemayakoba.com,1,com,商业
ww38.metalandplaynft.com,1,com,商业
ww38.mister-map.com,1,com,商业
ww38.nathanhalearts.org,1,org,组织
ww5.helpingpaws.com,1,com,商业
wwkk44kkcom.cn,1,cn,商业
www-04568.com,1,com,商业
www-15744.com,1,com,商业
www-200790.com,1,com,商业
www-444h.com,1,com,商业
www-670666.com,1,com,商业
www-882202.com,1,com,商业
www.010zaixian.com,1,com,商业
www.029sf.com.cn,1,cn,商业
www.03kkk.com,1,com,商业
www.0517wei.com,1,com,商业
www.100sf.org,1,org,组织
www.12anime.com,1,com,商业
2127671.syk003.com,1,com,商业
www.168qqenglish.com,1,com,商业
24dim-athin.att.sch.gr,1,gr,其他
www.1yee.com,1,com,商业
www.2.beradm.z8.ru,1,ru,其他
www.21nicrmo2.com,1,com,商业
www.23520.cn,1,cn,其他
261my.com,1,com,商业
www.25-k.com,1,com,商业
www.280days.co.kr,1,kr,其他
www.2thai.asia,1,asia,其他
www.360doc.com,1,com,商业
www.361jk.com,1,com,商业
26uuus.com,1,com,商业
www.40400.net,1,net,网络
www.419494.com,1,com,商业
28novembre.net,1,net,网络
www.498093.com,1,com,商业
www.4dwatch.com,1,com,商业
www.4house.lviv.ua,1,ua,其他
www.51spider.com,1,com,商业
www.533100.com,1,com,商业
www.5sbuy.com,1,com,商业
2baksa.ws,1,ws,其他
www.6033168.com,1,com,商业
www.6623555.com,1,com,商业
www.66688824.com,1,com,商业
www.66txw.com,1,com,商业
www.683120.com,1,com,商业
www.747kingma.com,1,com,商业
www.775msc.net,1,net,网络
www.7riverslivestock.com,1,com,商业
www.80037.net,1,net,网络
www.851898.com,1,com,商业
www.898234.com,1,com,商业
www.89indians.com,1,com,商业
www.911902.com,1,com,商业
www.92818kjw.com,1,com,商业
www.95558.men,1,men,其他
www.aaronrichman.com,1,com,商业
www.abcd-dechets.com,1,com,商业
www.abqbeergeek.com,1,com,商业
www.abyatinteriors.com,1,com,商业
www.ac-expert.com,1,com,商业
www.acceleone.co.jp,1,jp,其他
www.acfunxs.com,1,com,商业
www.acrel-ut.com,1,com,商业
www.acrepaircoupons.com,1,com,商业
www.acs.com.hk,1,hk,商业
www.active-uni.ne.jp,1,jp,其他
www.adhub.com,1,com,商业
www.adidasbackpack.us.com,1,com,商业
www.adidasjameshardenshoes.us.com,1,com,商业
www.adolkefir.com,1,com,商业
www.adressbuecher.net,1,net,网络
www.adventuresocal.com,1,com,商业
www.advocateatasansolcourt.com,1,com,商业
www.afracturedfairytale.com,1,com,商业
www.agence-centre.fr,1,fr,其他
www.agenciacuritiba.com.br,1,br,商业
2q.changchunfangchan.com,1,com,商业
www.agendasjcampos.com,1,com,商业
www.agentsofguard.com,1,com,商业
www.ahhb0591.com,1,com,商业
www.ahwhat.com,1,com,商业
www.ahyijian.com,1,com,商业
www.aiballoting.com,1,com,商业
www.aisleone.net,1,net,网络
2x9cc.com,1,com,商业
www.akhawia.net,1,net,网络
www.alashanzhaopin.com,1,com,商业
www.albertobregani.com,1,com,商业
www.alfnorge.no,1,no,组织
www.alfordhome.com,1,com,商业
www.allflorists.co.uk,1,uk,其他
www.allprikol.ru,1,ru,其他
www.alphawoelfe.com,1,com,商业
www.alpinemedicalusa.com,1,com,商业
www.altrichteroekobau.com,1,com,商业
www.amadio.com,1,com,商业
www.amazonfbaincome.com,1,com,商业
www.amiga.org.ru,1,ru,组织
www.aml.cqhnbfk.com,1,com,商业
www.amoconsultingfirm.com,1,com,商业
www.amrp.cz,1,cz,其他
www.amysuemillard.com,1,com,商业
www.anagramgenius.com,1,com,商业
www.and-you.fashion,1,fashion,其他
www.andiantech.com,1,com,商业
305.su,1,su,其他
www.annaontour.com,1,com,商业
www.anoservindo.com,1,com,商业
www.anshikamalik.com,1,com,商业
www.anywherenrado.com,1,com,商业
www.apaman-bentencho.com,1,com,商业
www.ape-salon.com,1,com,商业
www.aphone-shop.com,1,com,商业
www.apic-consult.com,1,com,商业
www.aquatek.gr,1,gr,其他
www.araiya.com,1,com,商业
www.arakhne.org,1,org,组织
www.arcove.org,1,org,组织
www.arjansazeh.com,1,com,商业
www.aros2.ru,1,ru,其他
www.artechibchacolombia.com,1,com,商业
www.artofashleystout.com,1,com,商业
www.arxeion-politismou.gr,1,gr,其他
www.ashramblings.com,1,com,商业
www.asihvif.com,1,com,商业
www.aslnuoro.it,1,it,其他
www.assyrianlanguages.org,1,org,组织
www.astroshop.com.cn,1,cn,商业
www.asue.de,1,de,其他
www.atrionafarkane.cz,1,cz,其他
31gim.xyz,1,xyz,其他
www.atv-411.com,1,com,商业
www.auracan.com,1,com,商业
www.autocars-ponsot.fr,1,fr,其他
www.av888app.com,1,com,商业
www.avbdilankurt.com,1,com,商业
www.avo.events,1,events,其他
www.ayrjjscl.com,1,com,商业
3ae8.com,1,com,商业
www.baenadigital.com,1,com,商业
www.baikal-irkzem.ru,1,ru,其他
www.bandooconcierge.com,1,com,商业
www.bangjun.net,1,net,网络
3g.cqxiehe.com,1,com,商业
www.bargenova.it,1,it,其他
www.barrycrc.org,1,org,组织
www.bauschard.com,1,com,商业
www.bautbaja.com,1,com,商业
www.bblbdmap.com,1,com,商业
www.bccblog.org,1,org,组织
www.bdnursing24.com,1,com,商业
www.beaucaireencommun.com,1,com,商业
www.beautiful-fierce.com,1,com,商业
www.beeloon.com,1,com,商业
www.bellevillebootsdirect.com,1,com,商业
www.bergenopzilver.nl,1,nl,其他
www.beritalitsphotography.com,1,com,商业
www.berkley-fishing.com,1,com,商业
www.bessins.fr,1,fr,其他
www.bh2188.com,1,com,商业
www.biancamakris.com,1,com,商业
www.biaozhunjt.com,1,com,商业
www.biensur-sante.com,1,com,商业
www.bifidosoft.com,1,com,商业
www.bigboobswives.com,1,com,商业
www.bigfishfarm.cn,1,cn,其他
www.bilipic.com,1,com,商业
www.bilisimm.com,1,com,商业
www.bioline.org.br,1,br,组织
www.bj-mudi.com,1,com,商业
www.bjaneed.com,1,com,商业
www.bjjyhjc.com,1,com,商业
3l0er.com,1,com,商业
www.bjyy008.com,1,com,商业
www.blaircrowndesign.com,1,com,商业
www.blobbysblog.com,1,com,商业
www.blogasturias.com,1,com,商业
www.bloggerbanua.com,1,com,商业
www.bloomilk.com,1,com,商业
www.bluraydefectueux.com,1,com,商业
www.bm-bussmann.com,1,com,商业
www.bmw5898.com,1,com,商业
www.boahmad.com,1,com,商业
www.bobos.it,1,it,其他
www.bodysculpting219.com,1,com,商业
www.boeklezers.nl,1,nl,其他
www.bolsadetrabajo.uabc.mx,1,mx,其他
www.bonbonniereofficial.com,1,com,商业
www.boosterblog.com,1,com,商业
www.boxofficecn.com,1,com,商业
www.bqwu.cc,1,cc,其他
www.bradleysloftconversions.com,1,com,商业
www.brain-mitaka.com,1,com,商业
www.brandonandshelby.com,1,com,商业
www.bravotravelsd.com,1,com,商业
www.brianfisherblog.com,1,com,商业
www.brighteyedsmiles.com,1,com,商业
3n4p.com,1,com,商业
www.bryggman.fi,1,fi,其他
www.bttyyb.com,1,com,商业
www.budizmocentrai.lt,1,lt,其他
www.buendiatodoslosdias.com,1,com,商业
www.bugattibuilder.com,1,com,商业
www.buns.lv,1,lv,其他
www.burlingtonsurfclub.com,1,com,商业
www.byfook.com,1,com,商业
3wap.cc,1,cc,其他
www.c-battery.com,1,com,商业
www.c9080.com,1,com,商业
www.caballos.be,1,be,其他
41248.room.oishow.com,1,com,商业
470116.puy040.com,1,com,商业
www.callgirljaipur.net,1,net,网络
www.cang.la,1,la,其他
www.canmart.co.kr,1,kr,其他
www.cappittomihai.com,1,com,商业
www.caravanemedia.com,1,com,商业
www.caravaning-suisse.ch,1,ch,其他
www.carmac.itccanarias.org,1,org,组织
www.carmelomarin.com,1,com,商业
www.carsoncarshops.com,1,com,商业
www.cartosantejeunes.org,1,org,组织
www.casagustului.ro,1,ro,其他
www.cashl.edu.cn,1,cn,教育
www.castellidirpinia.com,1,com,商业
www.cbeiji.com,1,com,商业
www.ccfta.com,1,com,商业
www.ccgme-cmda.cn,1,cn,其他
www.ccjiarui.com,1,com,商业
www.cdip.ucsd.edu,1,edu,教育
www.cdjhdky.com,1,com,商业
www.cdymsbk.com,1,com,商业
www.cec.vcn.bc.ca,1,ca,其他
www.celebrandodeus.com.br,1,br,商业
www.centar.cz,1,cz,其他
www.center-referat.ru,1,ru,其他
www.centkantor.ru,1,ru,其他
www.centre-equestre-de-perigueys.com,1,com,商业
www.centre-odelys.fr,1,fr,其他
www.centrometeo.com,1,com,商业
www.centrumpronajmu.cz,1,cz,其他
www.centrumstresnichnosicu.cz,1,cz,其他
www.ceylonlaw.com,1,com,商业
www.cfdt-santesociaux80.org,1,org,组织
www.cgtspip.org,1,org,组织
www.chalak.nl,1,nl,其他
www.champsfootwear.com,1,com,商业
www.chance-praxis.de,1,de,其他
www.changchunhuiteng.com,1,com,商业
www.changeintomag.com,1,com,商业
www.changxiaoba.com,1,com,商业
480303897.golpoporuya.in,1,in,其他
483044.213tk.vip,1,vip,其他
www.chetvfa.it,1,it,其他
www.chiaracerroneneuropsicologia.it,1,it,其他
www.china123666.com,1,com,商业
www.chinachasheng.com,1,com,商业
www.chinagwy.org,1,org,组织
www.chipingba.com,1,com,商业
www.choconfest.com.br,1,br,商业
www.citem.cz,1,cz,其他
www.cittanostra.it,1,it,其他
www.civilization-fund.com,1,com,商业
www.ckzruanjian.com,1,com,商业
www.cl.srbac.org,1,org,组织
www.clubcamioneros.com.ar,1,ar,商业
48g.pl,1,pl,其他
www.cn-boen.com,1,com,商业
4hu13.tv,1,tv,其他
www.cncwc.com,1,com,商业
www.cnpingpang.com,1,com,商业
www.coadautodoor.com,1,com,商业
4o.agoogle.net,1,net,网络
51kshen.com,1,com,商业
www.cobkorea.com,1,com,商业
www.coco1mall.com,1,com,商业
www.collectorsgalleryonline.com,1,com,商业
www.colorclean.cz,1,cz,其他
www.comprareweb.eu,1,eu,商业
www.congressmanager.com,1,com,商业
520925.co,1,co,其他
www.content-review.com,1,com,商业
www.corasex.com,1,com,商业
www.coudraismusiclight.fr,1,fr,其他
527be2a20e174b854a67d9468e0b7338-463831144.us-west-2.elb.amazonaws.com,1,com,商业
www.cpcp2211.com,1,com,商业
www.cpjxhg.com,1,com,商业
www.cpufan.jp,1,jp,其他
www.cqhlhdsj.com,1,com,商业
www.cqwjdh.com,1,com,商业
www.craftycattery.com,1,com,商业
www.crazytradeonline.com,1,com,商业
www.creeksnoop.net,1,net,网络
www.critical-mass-altona.de,1,de,其他
www.crobridge.com,1,com,商业
www.crossfire-metal.de,1,de,其他
www.cubiplaya.com,1,com,商业
www.cy-hjkj.com,1,com,商业
www.cybervulcans.net,1,net,网络
www.cyclisme-amateur.com,1,com,商业
www.cyprusshelfcompany.com,1,com,商业
www.czthjh.com.cn,1,cn,商业
www.dalmatinerklub.dk,1,dk,其他
www.danilomonte.com,1,com,商业
www.daybongda.edu.vn,1,vn,教育
www.dborcloud.com,1,com,商业
www.deaflympics.com,1,com,商业
www.dearay.cn,1,cn,其他
www.delaneyblues.com,1,com,商业
www.denta-europe.eu,1,eu,其他
www.der-newsletter-experte.de,1,de,其他
www.derfischkopf.de,1,de,其他
www.designfound.info,1,info,其他
www.dev.projekty-wnetrza.com,1,com,商业
www.devzhang.cn,1,cn,其他
www.dezhenmro.com,1,com,商业
www.dgborunbdf.com,1,com,商业
www.dgc-me.com,1,com,商业
www.dgk602.com,1,com,商业
www.dgzszn.com,1,com,商业
www.dialogal.com,1,com,商业
www.digibiz.hu,1,hu,其他
www.dikumi.com,1,com,商业
www.dimensaolimbo.com,1,com,商业
www.dipabikestore.com,1,com,商业
www.diskurswelt.de,1,de,其他
www.dismappa.it,1,it,其他
www.divinoetrusco.it,1,it,其他
www.diyweek.net,1,net,网络
www.dlarssoninterior.com,1,com,商业
www.dmaah.com,1,com,商业
www.dmg-ctrl.com,1,com,商业
www.dmplw.com,1,com,商业
www.docin.com,1,com,商业
www.doctorlife.tv,1,tv,其他
www.doctormentalo.com,1,com,商业
www.dollygrippery.net,1,net,网络
www.domexhardwoods.com,1,com,商业
www.dominiquedahan.fr,1,fr,其他
52avavh.com,1,com,商业
www.doranautomotive.com,1,com,商业
www.doureiostupos.gr,1,gr,其他
www.draco-model.cz,1,cz,其他
www.dragonball-ultimate.com,1,com,商业
57777by.com,1,com,商业
www.dualchargegaming.com,1,com,商业
www.dutaglobalmakmurpt.com,1,com,商业
www.dynaverse.net,1,net,网络
5gavt.buzz,1,buzz,其他
www.eagleroadpartners.com,1,com,商业
www.easysensor.com.cn,1,cn,商业
www.ebookdynasty.net,1,net,网络
www.ecelticseo.com,1,com,商业
www.echoes-tokyo.com,1,com,商业
www.ecoledemusiquecrescendo.com,1,com,商业
www.ecomment.ru,1,ru,商业
www.ecumenian.com,1,com,商业
www.edelweiss-ropes.com,1,com,商业
www.edgewiseblog.com,1,com,商业
www.edu-journal.ru.ac.th,1,th,教育
www.edubilla.com,1,com,教育
www.eipapplications.com,1,com,商业
www.elcp.ru,1,ru,其他
www.eldridgetoyrun.com,1,com,商业
www.electronique-mag.com,1,com,商业
www.elinktek.cn,1,cn,其他
5school.belhost.by,1,by,其他
www.elmundo.pr,1,pr,其他
www.eltallerdebielisa.com,1,com,商业
www.eluoke.com,1,com,商业
www.emdialogo.uff.br,1,br,其他
www.emediatc.com,1,com,商业
www.emiao36.com,1,com,商业
www.emile4u.com,1,com,商业
www.eminent-tek.com,1,com,商业
www.emono1.jp,1,jp,其他
www.empowered-hearts.com,1,com,商业
www.empresasembrasil.com,1,com,商业
www.endlesssimmer.com,1,com,商业
www.eparchia.kharkov.ua,1,ua,其他
www.epatech.fr,1,fr,其他
www.equivalences.cfwb.be,1,be,其他
www.erontrans.com,1,com,商业
www.es-isidarbinimas.lt,1,lt,其他
www.escorthizmeti.com,1,com,商业
www.espanaaqui.com.br,1,br,商业
www.esraile.com,1,com,商业
www.eunice.me.uk,1,uk,其他
www.euro-pin.com,1,com,商业
www.eurogsm.hu,1,hu,其他
www.everydayunderwear.com,1,com,商业
www.evilempireyankees.com,1,com,商业
www.evolvextender.com,1,com,商业
www.ewnufeg.cn,1,cn,其他
www.exchangestreetbistro.com,1,com,商业
www.experasolution.com,1,com,商业
www.expo8.cn,1,cn,其他
www.extremesuccessgroup.com,1,com,商业
66313.cc,1,cc,其他
www.eyecatch1.jp,1,jp,其他
www.fairydegree.com,1,com,商业
www.fakerolexsales.com,1,com,商业
www.fanart-central.net,1,net,网络
www.fang-guan.com,1,com,商业
www.fanruiyunchan.com,1,com,商业
www.fantamondi.it,1,it,其他
www.fanzinedigital.com,1,com,商业
www.farky.de,1,de,其他
www.farm-equipment-parts.com,1,com,商业
www.farmaciazamorano.com,1,com,商业
www.fazerclub.cz,1,cz,其他
www.fcg-singen.de,1,de,其他
www.fclubsantacoloma.net,1,net,网络
www.feardepartment.com,1,com,商业
www.fedapisa.it,1,it,其他
www.fellows.iass-potsdam.de,1,de,其他
www.fengwan8.com,1,com,商业
www.ferredilceru.it,1,it,其他
www.festiwalwisla.pl,1,pl,其他
www.feuerwehr-mainburg.de,1,de,其他
www.ff-harheim.de,1,de,其他
www.fia.udec.cl,1,cl,其他
www.filmy-ke-stazeni.cz,1,cz,其他
www.finder6.com,1,com,商业
www.findmeaflorist.co.uk,1,uk,其他
www.findporntube.net,1,net,网络
www.firecracks.org,1,org,组织
www.firstpointe.biz,1,biz,其他
www.fit-valiant.com,1,com,商业
www.fjlwflkj.com,1,com,商业
www.flfydz.cn,1,cn,其他
www.floramira.rs,1,rs,其他
www.flugzeuginfo.net,1,net,网络
www.fodian.cc,1,cc,其他
www.folderexpress.com,1,com,商业
www.fordsierra.eu,1,eu,其他
www.foroflamenco.com,1,com,商业
www.forummobiles.com,1,com,商业
7ly.ru,1,ru,其他
www.foxtrotbizu.com,1,com,商业
www.fpwxxsw.com,1,com,商业
www.fqqingtuo.com,1,com,商业
www.freeemailtutorials.com,1,com,商业
www.frogtownpottery.com,1,com,商业
www.fru-gal.org,1,org,组织
www.frype.com,1,com,商业
www.fubo188.cn,1,cn,其他
www.fujihasegawa.com,1,com,商业
www.fv-petersgraetz.de,1,de,其他
www.g-bagism.com,1,com,商业
www.gaf.rs,1,rs,其他
www.gaf6.cn,1,cn,其他
www.gainoftones.com,1,com,商业
www.gallery.tollywoodblog.in,1,in,其他
www.gamewpp.com,1,com,商业
www.gamingexcellence.com,1,com,商业
www.gammelkongevej-shopping.dk,1,dk,其他
www.gangpu.cc,1,cc,其他
www.gangul.com,1,com,商业
www.ganhuo.in,1,in,其他
911bar.ru,1,ru,其他
914dy.com,1,com,商业
www.gdf.ru,1,ru,其他
www.gds-paysdelaloire.com,1,com,商业
www.gdzhycpa.com,1,com,商业
www.genekaplanmusic.com,1,com,商业
www.generationalchildcare.com,1,com,商业
www.gentlepawspetcare.com,1,com,商业
www.gestcampello.com,1,com,商业
www.gfl-juniors.de,1,de,其他
www.gianfrancolibrandi.it,1,it,其他
www.gitesdefranceilleetvilaine.com,1,com,商业
www.givingbacktour.com,1,com,商业
www.gizycko.tv,1,tv,其他
www.glasriketsymphonicband.se,1,se,其他
91chaopron.com,1,com,商业
www.gnu.org,1,org,组织
www.goldist.com.tr,1,tr,商业
www.goldtradingexperts.com,1,com,商业
www.google.ad,1,ad,其他
www.google.co.th,1,th,其他
www.google.es,1,es,其他
www.google.lu,1,lu,其他
www.gothicivories.courtauld.ac.uk,1,uk,其他
www.gpx.it,1,it,其他
www.grabthebook.com,1,com,商业
www.grandvitara-club.ru,1,ru,其他
www.gravesendrotary.org.uk,1,uk,组织
www.graygooseinn.com,1,com,商业
www.greatfin.ru,1,ru,其他
www.greekhandball.com,1,com,商业
www.gregdemcydias.com,1,com,商业
925-www.trustlink.org,1,org,组织
www.gropedinpublic.com,1,com,商业
www.gruene-fraktion-rhein-sieg.de,1,de,其他
www.guangsa.cn,1,cn,其他
www.guhly.com,1,com,商业
www.guitartraders-tokyo.com,1,com,商业
www.gundamitalian.club,1,club,其他
www.gvhibvc.cn,1,cn,其他
www.gvkelley.org,1,org,组织
95.org,1,org,组织
www.gxwskq.com,1,com,商业
www.gzbodboge.com,1,com,商业
www.gzsbgs.cn,1,cn,其他
95x.charlesdarwinenglish.com,1,com,商业
www.h-herzig.de,1,de,其他
www.h355gg.com,1,com,商业
www.hac-foot.com,1,com,商业
www.hafsaabbas.com,1,com,商业
www.haitaobxg.com,1,com,商业
www.hallas.cz,1,cz,其他
www.halolz.com,1,com,商业
www.hammontonappliancerepairmen.us,1,us,其他
www.hanamarumap.com,1,com,商业
www.haosenyidianqi.com,1,com,商业
www.harrypotter-xperts.de,1,de,其他
www.hascar.cz,1,cz,其他
www.hbi-software.com,1,com,商业
www.hdntek.com,1,com,商业
www.hearing-plus.com,1,com,商业
www.hearttanimalrefuge.org,1,org,组织
www.heimatverein-abenheim.de,1,de,其他
www.heimkinder-wie-wir.eu,1,eu,其他
www.hejianzhaopin.com,1,com,商业
a-m-shagalov.ru,1,ru,其他
www.hellerupstrandvej.dk,1,dk,其他
www.heraldtimes.co.kr,1,kr,其他
www.herec.cz,1,cz,其他
www.hermanncotton.cz,1,cz,其他
www.hesimann.com,1,com,商业
a406.dau862.com,1,com,商业
www.hicare.jp,1,jp,其他
www.hiendcable.com,1,com,商业
www.hikmahjayasentosa.co.id,1,id,其他
www.himawari.net,1,net,网络
aapkiawaz.dk,1,dk,其他
www.hippytimes.com,1,com,商业
www.historiasdeluz.es,1,es,其他
www.hitamoren.com,1,com,商业
www.hjlclx.com,1,com,商业
www.hkzhengart.com,1,com,商业
www.hlps.phc.edu.tw,1,tw,教育
www.hn3h.com,1,com,商业
www.hniwhr.cn,1,cn,其他
www.hnpioneer.com,1,com,商业
www.hnrongpei.com,1,com,商业
www.hnxfdq.net,1,net,网络
www.hochschulkontor.lv,1,lv,其他
www.hodinkydavis.cz,1,cz,其他
www.homeofthevain.com,1,com,商业
www.honghaijeans.com.cn,1,cn,商业
www.hottubwarehousect.com,1,com,商业
www.hrc1880.de,1,de,其他
www.hsps.phc.edu.tw,1,tw,教育
www.htmlcsscolor.com,1,com,商业
www.htx.gov.cn,1,cn,政府
www.huamaicn.com,1,com,商业
www.huangshanjiaoyu.cn,1,cn,其他
www.huehnt.com,1,com,商业
www.huixueark.com,1,com,商业
www.humandesignwise.nl,1,nl,其他
www.huntingtonparkcagaragedoors.com,1,com,商业
www.huulan.com,1,com,商业
www.hzzclvfw.com,1,com,商业
www.i-magazin.cz,1,cz,其他
www.iapmedic.pt,1,pt,其他
www.ibowenguan.com.cn,1,cn,商业
www.iceindiaexpo.com,1,com,商业
www.icorbis.com,1,com,商业
www.idcjirezg.cn,1,cn,其他
abbank.olaciti.com,1,com,商业
www.ihorsemen.com,1,com,商业
www.iiseduva.it,1,it,教育
www.ikapero.com,1,com,商业
www.iklantanjungpinang.com,1,com,商业
www.illinoischannel.org,1,org,组织
www.ilpistone.com,1,com,商业
abbe.net.au,1,au,网络
www.imercaventas.com,1,com,商业
www.imgboc.com,1,com,商业
www.imn.gliwice.pl,1,pl,其他
www.incaflower.com,1,com,商业
www.incognitoboat.com,1,com,商业
www.independence.org.uk,1,uk,组织
www.indooroutdoorplaycentres.co.za,1,za,其他
www.industrial-water-pumps.co.uk,1,uk,其他
www.ineedahome.co.uk,1,uk,其他
www.informacionecuestre.com,1,com,商业
www.informationszentrum-hausamsee-schlaitz.de,1,de,其他
www.ingosasse.de,1,de,其他
www.inha.fi,1,fi,其他
www.innatia.com,1,com,商业
www.innovazionelocale.it,1,it,其他
www.instituto-inef.com,1,com,商业
www.intermold.jp,1,jp,其他
abergkampwonderland.co.uk,1,uk,其他
www.intobaby.com,1,com,商业
www.ipanarama.com,1,com,商业
www.ipwn.or.kr,1,kr,其他
www.irenehaidner.com,1,com,商业
www.islamagainstextremism.com,1,com,商业
www.islamland.com,1,com,商业
www.islandpferdehof-blumencron.de,1,de,其他
www.isp995.com,1,com,商业
abhinavpmp.com,1,com,商业
www.italmodular.com,1,com,商业
www.italyintheworld.info,1,info,其他
www.iuk-suedwestpfalz.de,1,de,其他
www.izhongse.net,1,net,网络
www.j300.net,1,net,网络
www.ja5pbuv.cn,1,cn,其他
www.jaanikatruu.ee,1,ee,其他
www.jackyclub.com,1,com,商业
www.janeslondon.com,1,com,商业
www.japonmaturesex.com,1,com,商业
www.jcfc18.com,1,com,商业
www.jcyhr.com,1,com,商业
www.jennyspangler.com,1,com,商业
www.jenrenalcare.com,1,com,商业
www.jergasdehablahispana.org,1,org,组织
www.jha-safety.com,1,com,商业
www.jhypr.com,1,com,商业
www.jiahemifeng.com,1,com,商业
www.jianbaw.com,1,com,商业
www.jiayounanhai.com,1,com,商业
www.jibushu.cn,1,cn,其他
www.jihuigongyi.com,1,com,商业
www.jimitec.com,1,com,商业
www.jingzhui16.com,1,com,商业
www.jinhua.gov.cn,1,cn,政府
www.jintaihuisheng.com,1,com,商业
www.jishudog.com,1,com,商业
www.jisuxincha.com,1,com,商业
www.jiuqiweb.com,1,com,商业
www.jogd.cn,1,cn,其他
www.jornalanossavoz.com.br,1,br,商业
www.jornalet.com,1,com,商业
www.journeymenusa.com,1,com,商业
www.jrf-tea.com,1,com,商业
www.jrfws.cn,1,cn,其他
www.jrsykp.com,1,com,商业
www.jsqf1688.cn,1,cn,其他
www.juliefrechette.com,1,com,商业
www.jumelage-cannes-beverly.com,1,com,商业
www.junruitianhe.com,1,com,商业
www.just-sell-6.com,1,com,商业
www.justintimece.com,1,com,商业
absolutasger.dk,1,dk,其他
www.jwb2c.com,1,com,商业
www.jxfashion.net,1,net,网络
www.jxlzrnw.cn,1,cn,其他
www.jzus.zju.edu.cn,1,cn,教育
www.kabaremagazine.com,1,com,商业
www.kaiwei0769.com,1,com,商业
absolutemediagroup.net,1,net,网络
www.kalenderland.com,1,com,商业
www.kamei.cz,1,cz,其他
www.karbalawalay.com,1,com,商业
www.karbinci.gov.mk,1,mk,政府
www.karenweichmann.com,1,com,商业
www.karimunjawakita.com,1,com,商业
www.kassnews.com,1,com,商业
www.katarinakacunkovic.com,1,com,商业
www.katarinas-nisser.dk,1,dk,其他
www.katsutatsu.jp,1,jp,其他
www.kawilasimun.gov.np,1,np,政府
www.keenjfurniture.com,1,com,商业
www.kehuanxiehui.cn,1,cn,其他
www.keluona.com,1,com,商业
www.ketudanya.com,1,com,商业
absolwent.2lo.elblag.pl,1,pl,其他
academyformen.com.au,1,au,商业
www.kickincancerscan.com,1,com,商业
www.kidsandyouth.com,1,com,商业
www.killingspace.com,1,com,商业
www.kineziologie-eft.cz,1,cz,其他
www.kinoexpert.ru,1,ru,其他
www.kirzhach33.com,1,com,商业
accespoint.online.fr,1,fr,其他
www.klnydl.com.cn,1,cn,商业
acorn.hiroimon.com,1,com,商业
www.knnews.co.kr,1,kr,其他
www.kocarky-kocarek.cz,1,cz,其他
www.kogorta.ru,1,ru,其他
www.kondilis-ptina.gr,1,gr,其他
www.konferenz-4-0.de,1,de,其他
www.konfliktuskutato.hu,1,hu,其他
www.koopland.eu,1,eu,其他
www.korgun.gov.tr,1,tr,政府
www.kouzidaren.com,1,com,商业
www.kovarnanehera.cz,1,cz,其他
www.kramann.info,1,info,其他
www.ks35.com,1,com,商业
www.kulturig.at,1,at,其他
www.kunsthallekowloon.org,1,org,组织
www.kutahyaobjektif.com,1,com,商业
www.kuyaya.cn,1,cn,其他
www.lajitongcj.com,1,com,商业
www.lakeguntersville.info,1,info,其他
www.language-archives.org,1,org,组织
www.lanjia365.cn,1,cn,其他
www.lanshiyule.com,1,com,商业
www.larengodelviaggiatore.info,1,info,其他
www.larissaanotherday.com,1,com,商业
www.laszyy.cn,1,cn,其他
www.lavanderiasolidaria.org,1,org,组织
www.lavespa.it,1,it,其他
www.lavyrinthos.gr,1,gr,其他
www.lawyerintl.com,1,com,商业
www.laxmipyare.com,1,com,商业
www.lazurits.lv,1,lv,其他
www.lcqb.upmc.fr,1,fr,其他
www.lcztjs.com,1,com,商业
www.learnaboutmovieposters.com,1,com,商业
www.leasedferrari.com,1,com,商业
www.lebadm.ru,1,ru,其他
www.leblogsite.com,1,com,商业
www.lecroissantaosta.it,1,it,其他
www.legacykline.com,1,com,商业
www.legis.state.wv.us,1,us,其他
www.leguidedesfestivals.com,1,com,商业
www.leonardoritrovato.com,1,com,商业
www.lepouzin-handball.com,1,com,商业
www.lesbecsverseurs.org,1,org,组织
www.lesromantiques.com,1,com,商业
www.lewandalim.com,1,com,商业
www.liaison.nagasaki-u.ac.jp,1,jp,其他
www.lilylanephotography.co.uk,1,uk,其他
www.lingwo-wed.ru,1,ru,其他
www.litianbzjx.com,1,com,商业
www.litzabixler.com,1,com,商业
www.lncd.cn,1,cn,其他
www.localetrends.com,1,com,商业
www.lolayo.org,1,org,组织
www.lome4you.com,1,com,商业
www.lomkan.com,1,com,商业
www.lorario.unina.it,1,it,其他
www.lospensamientosdeorfeo.com,1,com,商业
www.louboutinpas-cher.fr,1,fr,其他
adastrapacific.co.uk,1,uk,其他
www.lovecat.org.tw,1,tw,组织
www.loverelationshipspecialist.com,1,com,商业
aditizuzka.cz,1,cz,其他
www.lpjsg.com,1,com,商业
www.lpzljxx.com,1,com,商业
adomecek.cz,1,cz,其他
www.ludingzhaopin.com,1,com,商业
www.lvcai.com.cn,1,cn,商业
www.lzetoo.com,1,com,商业
www.macei.hu,1,hu,其他
www.madeinbritaincollective.com,1,com,商业
www.maestrohomecare.com,1,com,商业
www.magazineart.net,1,net,网络
www.magfoto.pl,1,pl,其他
www.magical-shop.net,1,net,网络
www.maletime.org,1,org,组织
www.malkysquaredproductions.com,1,com,商业
www.mandailles-stjulien.fr,1,fr,其他
www.mandalinaevleri.com,1,com,商业
www.maniawypiekania.pl,1,pl,其他
www.manitoq.com,1,com,商业
www.maogang.com,1,com,商业
www.mare-art.de,1,de,其他
www.markenmagazin.de,1,de,其他
www.masclaro.org,1,org,组织
www.maticesvatokopecka.cz,1,cz,其他
www.matthewafrica.com,1,com,商业
www.mccustomclothier.com,1,com,商业
www.mckenziefineart.com,1,com,商业
www.mcmanamonco.com,1,com,商业
www.mdtnetwork.com,1,com,商业
www.mediateletipos.net,1,net,网络
www.medici-info.de,1,de,其他
www.megaquiz.pl,1,pl,其他
www.meibishe.com,1,com,商业
www.meiyimeigou.com,1,com,商业
www.menchuang.com.cn,1,cn,商业
adtciclomotores.co,1,co,其他
www.metaf1club.com,1,com,商业
www.mi-ts.com,1,com,商业
www.michaelarau-dobrouchut.eu,1,eu,其他
www.michaelsender.com,1,com,商业
www.micro.ua,1,ua,其他
www.mikaelfante.com,1,com,商业
www.milieutox.ugent.be,1,be,其他
www.mingshiwk.com,1,com,商业
www.minijuegos.es,1,es,其他
www.minoritywelfare.kerala.gov.in,1,in,政府
www.miqijj.com,1,com,商业
www.miraaudiovisual.com,1,com,商业
www.miryanka.com,1,com,商业
www.misrahit.co.il,1,il,其他
www.miteinanderundunabhaengig.de,1,de,其他
www.mitrbima.com,1,com,商业
www.mjgyzdh.com,1,com,商业
www.mkfilter.co.kr,1,kr,其他
www.mm4466.com,1,com,商业
www.mobot.org,1,org,组织
www.mobypicture.com,1,com,商业
www.modcos.com,1,com,商业
www.moddesignguru.com,1,com,商业
www.modernhoot.com,1,com,商业
www.mojiegou88.com,1,com,商业
www.moldurasfigueirinha.com,1,com,商业
www.monetonos.ru,1,ru,网络
www.montessorismultronstallet.se,1,se,其他
www.more-sz.com,1,com,商业
www.mosleymovie.com,1,com,商业
www.moviecentralguyana.com,1,com,商业
www.moviehackday.com,1,com,商业
www.movmi.cz,1,cz,其他
www.mqodku.com,1,com,商业
www.msgjob.com,1,com,商业
www.mskit.ru,1,ru,其他
www.mucostumes.com,1,com,商业
advancesaraswati.com,1,com,商业
www.music-art.org,1,org,组织
www.musicapopular.cl,1,cl,其他
www.muzilipin.com,1,com,商业
www.muzzle.de,1,de,其他
advstocktraders.com,1,com,商业
afjindia.com,1,com,商业
www.myvoyeurvids.com,1,com,商业
www.mz1f.cn,1,cn,其他
www.nar.org,1,org,组织
www.native-beef.co.uk,1,uk,其他
www.naturopathie-bordeaux.com,1,com,商业
africultures.com,1,com,商业
www.nbxinfumei.com,1,com,商业
www.ncmfinancialservices.com,1,com,商业
www.neringa-blogas.com,1,com,商业
www.nesradio.com,1,com,商业
www.newarkpeople.com,1,com,商业
www.newbusinessage.com,1,com,商业
www.news-digest.co.uk,1,uk,其他
www.nffgz.cn,1,cn,其他
www.nhfc-ivf.com,1,com,商业
www.niamorama.com,1,com,商业
www.niboch.nsc.ru,1,ru,其他
www.niche-minisite.com,1,com,商业
www.niezamiliony.com,1,com,商业
www.nikefuns.com,1,com,商业
www.nishimura-bijutsu.com,1,com,商业
www.nitvan.org,1,org,组织
www.nocom.cn,1,cn,商业
www.nonsensibleshoes.com,1,com,商业
www.nopain.it,1,it,其他
www.northernboatwholesalers.net,1,net,网络
www.noushuan.com,1,com,商业
www.novanta.fi,1,fi,其他
www.novell.org.ru,1,ru,组织
www.npabs.ru,1,ru,其他
www.nryuan.com,1,com,商业
www.nuevohotelplaza.com.uy,1,uy,商业
www.nuntaromaneasca.ro,1,ro,其他
www.nutcan.com,1,com,商业
www.nytpick.com,1,com,商业
afrocolombianosvisibles.blogspot.com,1,com,商业
www.obradawine.com,1,com,商业
www.octopusreview.com,1,com,商业
www.odv-zb.si,1,si,其他
www.off-road-drive.ru,1,ru,其他
www.offroadbikers.eu,1,eu,其他
www.ohyeahlady.com,1,com,商业
www.okudshava.ru,1,ru,其他
www.oliviahainaut.com,1,com,商业
www.onemoresoul.com,1,com,商业
www.onlineguineapigcare.com,1,com,商业
www.onlysynth.com,1,com,商业
www.openclass.ru,1,ru,其他
www.orasul-horezu.ro,1,ro,其他
www.ornettecoleman.com,1,com,商业
www.osfree.org,1,org,组织
www.ottenbourg.com,1,com,商业
www.outview.cn,1,cn,其他
www.ovationsacademyofdance.com,1,com,商业
www.overcram.com,1,com,商业
www.ozz.zpav.pl,1,pl,其他
www.pagesentreprises.fr,1,fr,其他
www.paicaijing314.com,1,com,商业
www.panschk.de,1,de,其他
www.papamamandoudouetmoi.fr,1,fr,其他
www.papirnictvi-zbranek.cz,1,cz,其他
aftabbafgh.ir,1,ir,其他
www.partnerquotient.com,1,com,商业
www.partoracle.com,1,com,商业
www.partypixx.corefreakz.de,1,de,其他
www.paruish.com,1,com,商业
www.pavlacechova.cz,1,cz,其他
www.pazar.gov.tr,1,tr,政府
www.pengyijixie.com,1,com,商业
www.peoriatt.net,1,net,网络
www.pepegroodlepuppies.com,1,com,商业
www.petiteplaisance.it,1,it,其他
www.pezzei.it,1,it,其他
www.pfa-bucaramanga-santander.gov.co,1,co,政府
www.pferdehof-schremmer.de,1,de,其他
www.pfmradio.com,1,com,商业
www.ph189.com,1,com,商业
www.philadelphiaeaglesonline.com,1,com,商业
www.phoenixbiotech.net,1,net,网络
agibiteca.blogspot.com,1,com,商业
www.phoster.com,1,com,商业
agora.ex.nii.ac.jp,1,jp,其他
www.pilsfanda.cz,1,cz,其他
agr.ku.ac.th,1,th,其他
www.pisosnorte.com,1,com,商业
www.pixelpugprincess.com,1,com,商业
www.planujewesele.pl,1,pl,其他
www.plyrics.com,1,com,商业
www.pmlthg.com,1,com,商业
www.pohistvo-kocjancic.si,1,si,其他
www.pokernacional.com,1,com,商业
www.polamp.com,1,com,商业
www.polaris.co.kr,1,kr,其他
www.polisiinternet.com,1,com,商业
www.polsatbox.pl,1,pl,其他
www.pordentrodoassuntoiguatemi.com.br,1,br,商业
www.portnamur.be,1,be,其他
www.postalesinventadas.com,1,com,商业
www.potravinykoruna.sk,1,sk,其他
agripel.pl,1,pl,其他
www.ppzhibo.com,1,com,商业
www.prace-doprava.cz,1,cz,其他
agro.icm.edu.pl,1,pl,教育
www.prace-skolstvi.cz,1,cz,其他
www.predazzoblog.it,1,it,其他
www.preschoolactivitiesnook.com,1,com,商业
www.prideoftexas.net,1,net,网络
www.primitalia-group.com,1,com,商业
www.pro-chemi.com,1,com,商业
www.probios.ru,1,ru,其他
www.projekty-wnetrza.com,1,com,商业
www.prolocodonada.it,1,it,其他
www.propaneinsider.com,1,com,商业
www.psacake.com,1,com,商业
www.pt-hamamoto.biz,1,biz,其他
www.publicdomaintorrents.info,1,info,其他
www.pueblacafeteria.hu,1,hu,其他
ahgjwj.com,1,com,商业
www.pyfck.com,1,com,商业
www.pytajnia.pl,1,pl,其他
www.q19h.com,1,com,商业
www.qdlzx.com,1,com,商业
www.qhrc.com.cn,1,cn,商业
www.qiluyoyo.cn,1,cn,其他
ahsiwei.com,1,com,商业
www.qqxcfm.com,1,com,商业
www.queyras.aparcourir.com,1,com,商业
www.quiltstation.com.au,1,au,商业
www.qushigong.com,1,com,商业
www.rabbitinasuit.com,1,com,商业
www.racii-diktofoni.ru,1,ru,其他
www.racingin.com,1,com,商业
www.radionomy.com,1,com,商业
www.rapmineiro288.net.br,1,br,网络
www.rarityguide.com,1,com,商业
www.rawearthmedicine.com,1,com,商业
www.rcwitter.com,1,com,商业
www.rdcarbon.cn,1,cn,其他
www.realecontv.com,1,com,商业
www.reckter-reisen.de,1,de,其他
www.referatez.com,1,com,商业
www.regioni.it,1,it,其他
www.reimsvdt.com,1,com,商业
www.reklamcarsisi.com,1,com,商业
www.renminkaiguan.com,1,com,商业
www.rentacarcacak.com,1,com,商业
www.replicanice.com,1,com,商业
www.repubblicaromana-1849.it,1,it,其他
www.residenciabenabarre.es,1,es,其他
www.restaurantmagazine.com,1,com,商业
www.reusableabags.com,1,com,商业
www.reviewdetector.net,1,net,网络
www.rgzn1.com,1,com,商业
www.ribasud.com,1,com,商业
www.rightonthenail.com,1,com,商业
www.rili33.com,1,com,商业
www.ristoranteida.it,1,it,其他
www.ritrattidinote.it,1,it,其他
www.rjclan.com,1,com,商业
www.rkk12.com,1,com,商业
www.rmig.com,1,com,商业
www.roadsmile.com,1,com,商业
www.robertapetterson.org,1,org,组织
www.robotdoit.cn,1,cn,其他
www.robotmania.gr,1,gr,其他
www.rollstonepigraphy.com,1,com,商业
www.romanpfeffer.com,1,com,商业
www.ronnerdal.net,1,net,网络
www.rosario.com.bo,1,bo,商业
www.royalcaribbean.es,1,es,其他
ahsyqh.com,1,com,商业
www.rqksfwy.cn,1,cn,其他
www.rshelicopter.com,1,com,商业
www.rudycocyclingteam.com,1,com,商业
ai.baidu.com,1,com,商业
www.rusmuseum.museumkogalym.ru,1,ru,其他
www.russianmuseums.info,1,info,其他
www.russischerundschau.com,1,com,商业
www.ryomo-kouiki.jp,1,jp,其他
www.rzgmu.ru,1,ru,其他
www.saba-radio.com,1,com,商业
www.sacnews.cn,1,cn,其他
www.sadakoffie.com,1,com,商业
www.sadiqul.com,1,com,商业
www.safercerritos.com,1,com,商业
www.saharghazale.com,1,com,商业
www.sailkarma.com,1,com,商业
www.sambrakos.com,1,com,商业
www.samphireandsalsify.com,1,com,商业
www.sanaa-city.net,1,net,网络
www.sancta-missa-cotidiana.org,1,org,组织
www.sandyackermann.de,1,de,其他
www.sanfranciscofamilydentist.com,1,com,商业
www.sangmikeji.com,1,com,商业
www.sanltd.ru,1,ru,其他
www.santaihu.com,1,com,商业
www.sarahhayleyfreelance.com,1,com,商业
www.satellietgroep.nl,1,nl,其他
www.schrijflab.com,1,com,商业
aipaea09.blogspot.com,1,com,商业
www.scoilnaomheltin.ie,1,ie,其他
www.scoug.com,1,com,商业
airfryereverything.com,1,com,商业
www.scxyyxcl.cn,1,cn,其他
www.sdhz8.com,1,com,商业
www.sdiegoclinic.com,1,com,商业
www.sealquilaproyecto.es,1,es,其他
www.sedcartagena.gov.co,1,co,政府
www.sedicidimarzo.org,1,org,组织
www.seismo.ethz.ch,1,ch,其他
www.sentryturn.com,1,com,商业
www.serindigena.org,1,org,组织
www.serpentpublications.org,1,org,组织
www.servicesrenewals.com,1,com,商业
www.sevilla21.es,1,es,其他
www.sexandthesea.com,1,com,商业
www.sexracconto.com,1,com,商业
www.sexshopen-quilmes.com.ar,1,ar,商业
www.sexy685.com,1,com,商业
www.sffyny.com,1,com,商业
www.shahtionline.ru,1,ru,其他
www.shanbaomuye.com,1,com,商业
www.shangduo.com,1,com,商业
www.shangjinya.com,1,com,商业
www.shanwei.gov.cn,1,cn,政府
www.sharepoint.org.cn,1,cn,组织
www.shbybio.com,1,com,商业
www.shdeye.com,1,com,商业
www.shehj.com,1,com,商业
www.shenchu.com.cn,1,cn,商业
www.shengxudianqi.com,1,com,商业
www.shenjiacn.com,1,com,商业
www.shinnik.yar.ru,1,ru,其他
www.shjsnv.com,1,com,商业
www.shsforums.net,1,net,网络
www.shuangseqiuzoushitu.com,1,com,商业
www.shuhualy.cn,1,cn,其他
www.shukutech.com,1,com,商业
www.shunde-hongye.com,1,com,商业
www.shzyczz.com,1,com,商业
www.siljanmsk.no,1,no,其他
www.simonevantongeren.nl,1,nl,其他
www.simplysilhouette.com,1,com,商业
www.sinfemp.com.br,1,br,商业
www.singapbyart.com,1,com,商业
www.sivanlewin.com,1,com,商业
airliebeachlive.com,1,com,商业
www.sjmathew.com,1,com,商业
www.sjsoo.com,1,com,商业
www.sjzkths.com,1,com,商业
www.sketch-plus.com,1,com,商业
www.ski-japan.or.jp,1,jp,其他
www.skolskidnevnik.net,1,net,网络
www.slackware-srbija.org,1,org,组织
www.sleeplessbunny.com,1,com,商业
www.slovenskyvcelar.sk,1,sk,其他
www.smallbusinessplanresources.com,1,com,商业
www.smpa.nl,1,nl,其他
www.smwallpaper.com,1,com,商业
www.snsyx.com,1,com,商业
www.soccerstatsh2h.com,1,com,商业
www.socialdemokraternaosby.se,1,se,其他
www.sociodone.ru,1,ru,其他
www.sodales.nl,1,nl,其他
www.sodicwetlands.com,1,com,商业
www.solofiat500.com,1,com,商业
www.sonraneoldu.com,1,com,商业
www.sosgiovani.info,1,info,其他
www.southeasternstaffing.net,1,net,网络
www.speleo-concepts.com,1,com,商业
www.spiderkerala.net,1,net,网络
www.sport62.com,1,com,商业
www.sporta-klubi.lv,1,lv,其他
www.sportiempo.com,1,com,商业
www.sportlottery.tw,1,tw,其他
www.sports-india.com,1,com,商业
www.sports58.com,1,com,商业
www.sportsology.com,1,com,商业
www.sportsvale.com,1,com,商业
www.spritz.it,1,it,其他
www.squarespool.com,1,com,商业
www.ss-bb.net,1,net,网络
www.stageelements.in,1,in,其他
www.statssa.gov.za,1,za,政府
www.steel.dpri.kyoto-u.ac.jp,1,jp,其他
www.steeldata.info,1,info,其他
www.steki.cn,1,cn,其他
061ss.com,1,com,商业
www.sxcyms.com,1,com,商业
www.sxpack.cn,1,cn,其他
www.sxpke.com,1,com,商业
aixuezhang.com,1,com,商业
www.szfengxiang.com,1,com,商业
www.szhighway.cn,1,cn,其他
www.szjinhuzhun.com,1,com,商业
www.szjyxxw.com,1,com,商业
www.szpjk.com,1,com,商业
www.sztpcc.com,1,com,商业
www.szzhaohuashop.com,1,com,商业
akuntansi.uma.ac.id,1,id,其他
www.taisa.es,1,es,其他
www.taiwanhoops.com,1,com,商业
187211.webhosting60.1blu.de,1,de,其他
www.stevensind.com,1,com,商业
0758live.com,1,com,商业
0803.h694.com,1,com,商业
1024clsq.com,1,com,商业
al.houda.free.fr,1,fr,其他
1110111.com,1,com,商业
11eo.top,1,top,其他
122colmorerow.co.uk,1,uk,其他
albertbaderturnier.de,1,de,其他
13.231.127.131,1,131,其他
1307state.com,1,com,商业
173liveshow.adult358.com,1,com,商业
176486.ey73g.com,1,com,商业
17caopan.com,1,com,商业
17huodong.com,1,com,商业
www.swzprc.com,1,com,商业
